modality,label,index,video,labels_mat
IR,DRONE,001,C:\Users\Tony\Desktop\eclipse-workspace-codex\eclipse-workspace\datasets\drone_single_class\raw_sources\public\Drone-detection-dataset\Data\Video_IR\IR_DRONE_001.mp4,C:\Users\Tony\Desktop\eclipse-workspace-codex\eclipse-workspace\datasets\drone_single_class\raw_sources\public\Drone-detection-dataset\Data\Video_IR\IR_DRONE_001_LABELS.mat
IR,DRONE,002,C:\Users\Tony\Desktop\eclipse-workspace-codex\eclipse-workspace\datasets\drone_single_class\raw_sources\public\Drone-detection-dataset\Data\Video_IR\IR_DRONE_002.mp4,C:\Users\Tony\Desktop\eclipse-workspace-codex\eclipse-workspace\datasets\drone_single_class\raw_sources\public\Drone-detection-dataset\Data\Video_IR\IR_DRONE_002_LABELS.mat
IR,DRONE,003,C:\Users\Tony\Desktop\eclipse-workspace-codex\eclipse-workspace\datasets\drone_single_class\raw_sources\public\Drone-detection-dataset\Data\Video_IR\IR_DRONE_003.mp4,C:\Users\Tony\Desktop\eclipse-workspace-codex\eclipse-workspace\datasets\drone_single_class\raw_sources\public\Drone-detection-dataset\Data\Video_IR\IR_DRONE_003_LABELS.mat
IR,DRONE,004,C:\Users\Tony\Desktop\eclipse-workspace-codex\eclipse-workspace\datasets\drone_single_class\raw_sources\public\Drone-detection-dataset\Data\Video_IR\IR_DRONE_004.mp4,C:\Users\Tony\Desktop\eclipse-workspace-codex\eclipse-workspace\datasets\drone_single_class\raw_sources\public\Drone-detection-dataset\Data\Video_IR\IR_DRONE_004_LABELS.mat
IR,DRONE,005,C:\Users\Tony\Desktop\eclipse-workspace-codex\eclipse-workspace\datasets\drone_single_class\raw_sources\public\Drone-detection-dataset\Data\Video_IR\IR_DRONE_005.mp4,C:\Users\Tony\Desktop\eclipse-workspace-codex\eclipse-workspace\datasets\drone_single_class\raw_sources\public\Drone-detection-dataset\Data\Video_IR\IR_DRONE_005_LABELS.mat
IR,DRONE,006,C:\Users\Tony\Desktop\eclipse-workspace-codex\eclipse-workspace\datasets\drone_single_class\raw_sources\public\Drone-detection-dataset\Data\Video_IR\IR_DRONE_006.mp4,C:\Users\Tony\Desktop\eclipse-workspace-codex\eclipse-workspace\datasets\drone_single_class\raw_sources\public\Drone-detection-dataset\Data\Video_IR\IR_DRONE_006_LABELS.mat
IR,DRONE,007,C:\Users\Tony\Desktop\eclipse-workspace-codex\eclipse-workspace\datasets\drone_single_class\raw_sources\public\Drone-detection-dataset\Data\Video_IR\IR_DRONE_007.mp4,C:\Users\Tony\Desktop\eclipse-workspace-codex\eclipse-workspace\datasets\drone_single_class\raw_sources\public\Drone-detection-dataset\Data\Video_IR\IR_DRONE_007_LABELS.mat
IR,DRONE,008,C:\Users\Tony\Desktop\eclipse-workspace-codex\eclipse-workspace\datasets\drone_single_class\raw_sources\public\Drone-detection-dataset\Data\Video_IR\IR_DRONE_008.mp4,C:\Users\Tony\Desktop\eclipse-workspace-codex\eclipse-workspace\datasets\drone_single_class\raw_sources\public\Drone-detection-dataset\Data\Video_IR\IR_DRONE_008_LABELS.mat
IR,DRONE,009,C:\Users\Tony\Desktop\eclipse-workspace-codex\eclipse-workspace\datasets\drone_single_class\raw_sources\public\Drone-detection-dataset\Data\Video_IR\IR_DRONE_009.mp4,C:\Users\Tony\Desktop\eclipse-workspace-codex\eclipse-workspace\datasets\drone_single_class\raw_sources\public\Drone-detection-dataset\Data\Video_IR\IR_DRONE_009_LABELS.mat
IR,DRONE,010,C:\Users\Tony\Desktop\eclipse-workspace-codex\eclipse-workspace\datasets\drone_single_class\raw_sources\public\Drone-detection-dataset\Data\Video_IR\IR_DRONE_010.mp4,C:\Users\Tony\Desktop\eclipse-workspace-codex\eclipse-workspace\datasets\drone_single_class\raw_sources\public\Drone-detection-dataset\Data\Video_IR\IR_DRONE_010_LABELS.mat
IR,DRONE,011,C:\Users\Tony\Desktop\eclipse-workspace-codex\eclipse-workspace\datasets\drone_single_class\raw_sources\public\Drone-detection-dataset\Data\Video_IR\IR_DRONE_011.mp4,C:\Users\Tony\Desktop\eclipse-workspace-codex\eclipse-workspace\datasets\drone_single_class\raw_sources\public\Drone-detection-dataset\Data\Video_IR\IR_DRONE_011_LABELS.mat
IR,DRONE,012,C:\Users\Tony\Desktop\eclipse-workspace-codex\eclipse-workspace\datasets\drone_single_class\raw_sources\public\Drone-detection-dataset\Data\Video_IR\IR_DRONE_012.mp4,C:\Users\Tony\Desktop\eclipse-workspace-codex\eclipse-workspace\datasets\drone_single_class\raw_sources\public\Drone-detection-dataset\Data\Video_IR\IR_DRONE_012_LABELS.mat
IR,DRONE,013,C:\Users\Tony\Desktop\eclipse-workspace-codex\eclipse-workspace\datasets\drone_single_class\raw_sources\public\Drone-detection-dataset\Data\Video_IR\IR_DRONE_013.mp4,C:\Users\Tony\Desktop\eclipse-workspace-codex\eclipse-workspace\datasets\drone_single_class\raw_sources\public\Drone-detection-dataset\Data\Video_IR\IR_DRONE_013_LABELS.mat
IR,DRONE,014,C:\Users\Tony\Desktop\eclipse-workspace-codex\eclipse-workspace\datasets\drone_single_class\raw_sources\public\Drone-detection-dataset\Data\Video_IR\IR_DRONE_014.mp4,C:\Users\Tony\Desktop\eclipse-workspace-codex\eclipse-workspace\datasets\drone_single_class\raw_sources\public\Drone-detection-dataset\Data\Video_IR\IR_DRONE_014_LABELS.mat
IR,DRONE,015,C:\Users\Tony\Desktop\eclipse-workspace-codex\eclipse-workspace\datasets\drone_single_class\raw_sources\public\Drone-detection-dataset\Data\Video_IR\IR_DRONE_015.mp4,C:\Users\Tony\Desktop\eclipse-workspace-codex\eclipse-workspace\datasets\drone_single_class\raw_sources\public\Drone-detection-dataset\Data\Video_IR\IR_DRONE_015_LABELS.mat
IR,DRONE,016,C:\Users\Tony\Desktop\eclipse-workspace-codex\eclipse-workspace\datasets\drone_single_class\raw_sources\public\Drone-detection-dataset\Data\Video_IR\IR_DRONE_016.mp4,C:\Users\Tony\Desktop\eclipse-workspace-codex\eclipse-workspace\datasets\drone_single_class\raw_sources\public\Drone-detection-dataset\Data\Video_IR\IR_DRONE_016_LABELS.mat
IR,DRONE,017,C:\Users\Tony\Desktop\eclipse-workspace-codex\eclipse-workspace\datasets\drone_single_class\raw_sources\public\Drone-detection-dataset\Data\Video_IR\IR_DRONE_017.mp4,C:\Users\Tony\Desktop\eclipse-workspace-codex\eclipse-workspace\datasets\drone_single_class\raw_sources\public\Drone-detection-dataset\Data\Video_IR\IR_DRONE_017_LABELS.mat
IR,DRONE,018,C:\Users\Tony\Desktop\eclipse-workspace-codex\eclipse-workspace\datasets\drone_single_class\raw_sources\public\Drone-detection-dataset\Data\Video_IR\IR_DRONE_018.mp4,C:\Users\Tony\Desktop\eclipse-workspace-codex\eclipse-workspace\datasets\drone_single_class\raw_sources\public\Drone-detection-dataset\Data\Video_IR\IR_DRONE_018_LABELS.mat
IR,DRONE,019,C:\Users\Tony\Desktop\eclipse-workspace-codex\eclipse-workspace\datasets\drone_single_class\raw_sources\public\Drone-detection-dataset\Data\Video_IR\IR_DRONE_019.mp4,C:\Users\Tony\Desktop\eclipse-workspace-codex\eclipse-workspace\datasets\drone_single_class\raw_sources\public\Drone-detection-dataset\Data\Video_IR\IR_DRONE_019_LABELS.mat
IR,DRONE,020,C:\Users\Tony\Desktop\eclipse-workspace-codex\eclipse-workspace\datasets\drone_single_class\raw_sources\public\Drone-detection-dataset\Data\Video_IR\IR_DRONE_020.mp4,C:\Users\Tony\Desktop\eclipse-workspace-codex\eclipse-workspace\datasets\drone_single_class\raw_sources\public\Drone-detection-dataset\Data\Video_IR\IR_DRONE_020_LABELS.mat
IR,DRONE,021,C:\Users\Tony\Desktop\eclipse-workspace-codex\eclipse-workspace\datasets\drone_single_class\raw_sources\public\Drone-detection-dataset\Data\Video_IR\IR_DRONE_021.mp4,C:\Users\Tony\Desktop\eclipse-workspace-codex\eclipse-workspace\datasets\drone_single_class\raw_sources\public\Drone-detection-dataset\Data\Video_IR\IR_DRONE_021_LABELS.mat
IR,DRONE,022,C:\Users\Tony\Desktop\eclipse-workspace-codex\eclipse-workspace\datasets\drone_single_class\raw_sources\public\Drone-detection-dataset\Data\Video_IR\IR_DRONE_022.mp4,C:\Users\Tony\Desktop\eclipse-workspace-codex\eclipse-workspace\datasets\drone_single_class\raw_sources\public\Drone-detection-dataset\Data\Video_IR\IR_DRONE_022_LABELS.mat
IR,DRONE,023,C:\Users\Tony\Desktop\eclipse-workspace-codex\eclipse-workspace\datasets\drone_single_class\raw_sources\public\Drone-detection-dataset\Data\Video_IR\IR_DRONE_023.mp4,C:\Users\Tony\Desktop\eclipse-workspace-codex\eclipse-workspace\datasets\drone_single_class\raw_sources\public\Drone-detection-dataset\Data\Video_IR\IR_DRONE_023_LABELS.mat
IR,DRONE,024,C:\Users\Tony\Desktop\eclipse-workspace-codex\eclipse-workspace\datasets\drone_single_class\raw_sources\public\Drone-detection-dataset\Data\Video_IR\IR_DRONE_024.mp4,C:\Users\Tony\Desktop\eclipse-workspace-codex\eclipse-workspace\datasets\drone_single_class\raw_sources\public\Drone-detection-dataset\Data\Video_IR\IR_DRONE_024_LABELS.mat
IR,DRONE,025,C:\Users\Tony\Desktop\eclipse-workspace-codex\eclipse-workspace\datasets\drone_single_class\raw_sources\public\Drone-detection-dataset\Data\Video_IR\IR_DRONE_025.mp4,C:\Users\Tony\Desktop\eclipse-workspace-codex\eclipse-workspace\datasets\drone_single_class\raw_sources\public\Drone-detection-dataset\Data\Video_IR\IR_DRONE_025_LABELS.mat
IR,DRONE,026,C:\Users\Tony\Desktop\eclipse-workspace-codex\eclipse-workspace\datasets\drone_single_class\raw_sources\public\Drone-detection-dataset\Data\Video_IR\IR_DRONE_026.mp4,C:\Users\Tony\Desktop\eclipse-workspace-codex\eclipse-workspace\datasets\drone_single_class\raw_sources\public\Drone-detection-dataset\Data\Video_IR\IR_DRONE_026_LABELS.mat
IR,DRONE,027,C:\Users\Tony\Desktop\eclipse-workspace-codex\eclipse-workspace\datasets\drone_single_class\raw_sources\public\Drone-detection-dataset\Data\Video_IR\IR_DRONE_027.mp4,C:\Users\Tony\Desktop\eclipse-workspace-codex\eclipse-workspace\datasets\drone_single_class\raw_sources\public\Drone-detection-dataset\Data\Video_IR\IR_DRONE_027_LABELS.mat
IR,DRONE,028,C:\Users\Tony\Desktop\eclipse-workspace-codex\eclipse-workspace\datasets\drone_single_class\raw_sources\public\Drone-detection-dataset\Data\Video_IR\IR_DRONE_028.mp4,C:\Users\Tony\Desktop\eclipse-workspace-codex\eclipse-workspace\datasets\drone_single_class\raw_sources\public\Drone-detection-dataset\Data\Video_IR\IR_DRONE_028_LABELS.mat
IR,DRONE,029,C:\Users\Tony\Desktop\eclipse-workspace-codex\eclipse-workspace\datasets\drone_single_class\raw_sources\public\Drone-detection-dataset\Data\Video_IR\IR_DRONE_029.mp4,C:\Users\Tony\Desktop\eclipse-workspace-codex\eclipse-workspace\datasets\drone_single_class\raw_sources\public\Drone-detection-dataset\Data\Video_IR\IR_DRONE_029_LABELS.mat
IR,DRONE,030,C:\Users\Tony\Desktop\eclipse-workspace-codex\eclipse-workspace\datasets\drone_single_class\raw_sources\public\Drone-detection-dataset\Data\Video_IR\IR_DRONE_030.mp4,C:\Users\Tony\Desktop\eclipse-workspace-codex\eclipse-workspace\datasets\drone_single_class\raw_sources\public\Drone-detection-dataset\Data\Video_IR\IR_DRONE_030_LABELS.mat
IR,DRONE,031,C:\Users\Tony\Desktop\eclipse-workspace-codex\eclipse-workspace\datasets\drone_single_class\raw_sources\public\Drone-detection-dataset\Data\Video_IR\IR_DRONE_031.mp4,C:\Users\Tony\Desktop\eclipse-workspace-codex\eclipse-workspace\datasets\drone_single_class\raw_sources\public\Drone-detection-dataset\Data\Video_IR\IR_DRONE_031_LABELS.mat
IR,DRONE,032,C:\Users\Tony\Desktop\eclipse-workspace-codex\eclipse-workspace\datasets\drone_single_class\raw_sources\public\Drone-detection-dataset\Data\Video_IR\IR_DRONE_032.mp4,C:\Users\Tony\Desktop\eclipse-workspace-codex\eclipse-workspace\datasets\drone_single_class\raw_sources\public\Drone-detection-dataset\Data\Video_IR\IR_DRONE_032_LABELS.mat
IR,DRONE,033,C:\Users\Tony\Desktop\eclipse-workspace-codex\eclipse-workspace\datasets\drone_single_class\raw_sources\public\Drone-detection-dataset\Data\Video_IR\IR_DRONE_033.mp4,C:\Users\Tony\Desktop\eclipse-workspace-codex\eclipse-workspace\datasets\drone_single_class\raw_sources\public\Drone-detection-dataset\Data\Video_IR\IR_DRONE_033_LABELS.mat
IR,DRONE,034,C:\Users\Tony\Desktop\eclipse-workspace-codex\eclipse-workspace\datasets\drone_single_class\raw_sources\public\Drone-detection-dataset\Data\Video_IR\IR_DRONE_034.mp4,C:\Users\Tony\Desktop\eclipse-workspace-codex\eclipse-workspace\datasets\drone_single_class\raw_sources\public\Drone-detection-dataset\Data\Video_IR\IR_DRONE_034_LABELS.mat
IR,DRONE,035,C:\Users\Tony\Desktop\eclipse-workspace-codex\eclipse-workspace\datasets\drone_single_class\raw_sources\public\Drone-detection-dataset\Data\Video_IR\IR_DRONE_035.mp4,C:\Users\Tony\Desktop\eclipse-workspace-codex\eclipse-workspace\datasets\drone_single_class\raw_sources\public\Drone-detection-dataset\Data\Video_IR\IR_DRONE_035_LABELS.mat
IR,DRONE,036,C:\Users\Tony\Desktop\eclipse-workspace-codex\eclipse-workspace\datasets\drone_single_class\raw_sources\public\Drone-detection-dataset\Data\Video_IR\IR_DRONE_036.mp4,C:\Users\Tony\Desktop\eclipse-workspace-codex\eclipse-workspace\datasets\drone_single_class\raw_sources\public\Drone-detection-dataset\Data\Video_IR\IR_DRONE_036_LABELS.mat
IR,DRONE,037,C:\Users\Tony\Desktop\eclipse-workspace-codex\eclipse-workspace\datasets\drone_single_class\raw_sources\public\Drone-detection-dataset\Data\Video_IR\IR_DRONE_037.mp4,C:\Users\Tony\Desktop\eclipse-workspace-codex\eclipse-workspace\datasets\drone_single_class\raw_sources\public\Drone-detection-dataset\Data\Video_IR\IR_DRONE_037_LABELS.mat
IR,DRONE,038,C:\Users\Tony\Desktop\eclipse-workspace-codex\eclipse-workspace\datasets\drone_single_class\raw_sources\public\Drone-detection-dataset\Data\Video_IR\IR_DRONE_038.mp4,C:\Users\Tony\Desktop\eclipse-workspace-codex\eclipse-workspace\datasets\drone_single_class\raw_sources\public\Drone-detection-dataset\Data\Video_IR\IR_DRONE_038_LABELS.mat
IR,DRONE,039,C:\Users\Tony\Desktop\eclipse-workspace-codex\eclipse-workspace\datasets\drone_single_class\raw_sources\public\Drone-detection-dataset\Data\Video_IR\IR_DRONE_039.mp4,C:\Users\Tony\Desktop\eclipse-workspace-codex\eclipse-workspace\datasets\drone_single_class\raw_sources\public\Drone-detection-dataset\Data\Video_IR\IR_DRONE_039_LABELS.mat
IR,DRONE,040,C:\Users\Tony\Desktop\eclipse-workspace-codex\eclipse-workspace\datasets\drone_single_class\raw_sources\public\Drone-detection-dataset\Data\Video_IR\IR_DRONE_040.mp4,C:\Users\Tony\Desktop\eclipse-workspace-codex\eclipse-workspace\datasets\drone_single_class\raw_sources\public\Drone-detection-dataset\Data\Video_IR\IR_DRONE_040_LABELS.mat
IR,DRONE,041,C:\Users\Tony\Desktop\eclipse-workspace-codex\eclipse-workspace\datasets\drone_single_class\raw_sources\public\Drone-detection-dataset\Data\Video_IR\IR_DRONE_041.mp4,C:\Users\Tony\Desktop\eclipse-workspace-codex\eclipse-workspace\datasets\drone_single_class\raw_sources\public\Drone-detection-dataset\Data\Video_IR\IR_DRONE_041_LABELS.mat
IR,DRONE,042,C:\Users\Tony\Desktop\eclipse-workspace-codex\eclipse-workspace\datasets\drone_single_class\raw_sources\public\Drone-detection-dataset\Data\Video_IR\IR_DRONE_042.mp4,C:\Users\Tony\Desktop\eclipse-workspace-codex\eclipse-workspace\datasets\drone_single_class\raw_sources\public\Drone-detection-dataset\Data\Video_IR\IR_DRONE_042_LABELS.mat
IR,DRONE,043,C:\Users\Tony\Desktop\eclipse-workspace-codex\eclipse-workspace\datasets\drone_single_class\raw_sources\public\Drone-detection-dataset\Data\Video_IR\IR_DRONE_043.mp4,C:\Users\Tony\Desktop\eclipse-workspace-codex\eclipse-workspace\datasets\drone_single_class\raw_sources\public\Drone-detection-dataset\Data\Video_IR\IR_DRONE_043_LABELS.mat
IR,DRONE,044,C:\Users\Tony\Desktop\eclipse-workspace-codex\eclipse-workspace\datasets\drone_single_class\raw_sources\public\Drone-detection-dataset\Data\Video_IR\IR_DRONE_044.mp4,C:\Users\Tony\Desktop\eclipse-workspace-codex\eclipse-workspace\datasets\drone_single_class\raw_sources\public\Drone-detection-dataset\Data\Video_IR\IR_DRONE_044_LABELS.mat
IR,DRONE,045,C:\Users\Tony\Desktop\eclipse-workspace-codex\eclipse-workspace\datasets\drone_single_class\raw_sources\public\Drone-detection-dataset\Data\Video_IR\IR_DRONE_045.mp4,C:\Users\Tony\Desktop\eclipse-workspace-codex\eclipse-workspace\datasets\drone_single_class\raw_sources\public\Drone-detection-dataset\Data\Video_IR\IR_DRONE_045_LABELS.mat
IR,DRONE,046,C:\Users\Tony\Desktop\eclipse-workspace-codex\eclipse-workspace\datasets\drone_single_class\raw_sources\public\Drone-detection-dataset\Data\Video_IR\IR_DRONE_046.mp4,C:\Users\Tony\Desktop\eclipse-workspace-codex\eclipse-workspace\datasets\drone_single_class\raw_sources\public\Drone-detection-dataset\Data\Video_IR\IR_DRONE_046_LABELS.mat
IR,DRONE,047,C:\Users\Tony\Desktop\eclipse-workspace-codex\eclipse-workspace\datasets\drone_single_class\raw_sources\public\Drone-detection-dataset\Data\Video_IR\IR_DRONE_047.mp4,C:\Users\Tony\Desktop\eclipse-workspace-codex\eclipse-workspace\datasets\drone_single_class\raw_sources\public\Drone-detection-dataset\Data\Video_IR\IR_DRONE_047_LABELS.mat
IR,DRONE,048,C:\Users\Tony\Desktop\eclipse-workspace-codex\eclipse-workspace\datasets\drone_single_class\raw_sources\public\Drone-detection-dataset\Data\Video_IR\IR_DRONE_048.mp4,C:\Users\Tony\Desktop\eclipse-workspace-codex\eclipse-workspace\datasets\drone_single_class\raw_sources\public\Drone-detection-dataset\Data\Video_IR\IR_DRONE_048_LABELS.mat
IR,DRONE,049,C:\Users\Tony\Desktop\eclipse-workspace-codex\eclipse-workspace\datasets\drone_single_class\raw_sources\public\Drone-detection-dataset\Data\Video_IR\IR_DRONE_049.mp4,C:\Users\Tony\Desktop\eclipse-workspace-codex\eclipse-workspace\datasets\drone_single_class\raw_sources\public\Drone-detection-dataset\Data\Video_IR\IR_DRONE_049_LABELS.mat
IR,DRONE,050,C:\Users\Tony\Desktop\eclipse-workspace-codex\eclipse-workspace\datasets\drone_single_class\raw_sources\public\Drone-detection-dataset\Data\Video_IR\IR_DRONE_050.mp4,C:\Users\Tony\Desktop\eclipse-workspace-codex\eclipse-workspace\datasets\drone_single_class\raw_sources\public\Drone-detection-dataset\Data\Video_IR\IR_DRONE_050_LABELS.mat
IR,DRONE,051,C:\Users\Tony\Desktop\eclipse-workspace-codex\eclipse-workspace\datasets\drone_single_class\raw_sources\public\Drone-detection-dataset\Data\Video_IR\IR_DRONE_051.mp4,C:\Users\Tony\Desktop\eclipse-workspace-codex\eclipse-workspace\datasets\drone_single_class\raw_sources\public\Drone-detection-dataset\Data\Video_IR\IR_DRONE_051_LABELS.mat
IR,DRONE,052,C:\Users\Tony\Desktop\eclipse-workspace-codex\eclipse-workspace\datasets\drone_single_class\raw_sources\public\Drone-detection-dataset\Data\Video_IR\IR_DRONE_052.mp4,C:\Users\Tony\Desktop\eclipse-workspace-codex\eclipse-workspace\datasets\drone_single_class\raw_sources\public\Drone-detection-dataset\Data\Video_IR\IR_DRONE_052_LABELS.mat
IR,DRONE,053,C:\Users\Tony\Desktop\eclipse-workspace-codex\eclipse-workspace\datasets\drone_single_class\raw_sources\public\Drone-detection-dataset\Data\Video_IR\IR_DRONE_053.mp4,C:\Users\Tony\Desktop\eclipse-workspace-codex\eclipse-workspace\datasets\drone_single_class\raw_sources\public\Drone-detection-dataset\Data\Video_IR\IR_DRONE_053_LABELS.mat
IR,DRONE,054,C:\Users\Tony\Desktop\eclipse-workspace-codex\eclipse-workspace\datasets\drone_single_class\raw_sources\public\Drone-detection-dataset\Data\Video_IR\IR_DRONE_054.mp4,C:\Users\Tony\Desktop\eclipse-workspace-codex\eclipse-workspace\datasets\drone_single_class\raw_sources\public\Drone-detection-dataset\Data\Video_IR\IR_DRONE_054_LABELS.mat
IR,DRONE,055,C:\Users\Tony\Desktop\eclipse-workspace-codex\eclipse-workspace\datasets\drone_single_class\raw_sources\public\Drone-detection-dataset\Data\Video_IR\IR_DRONE_055.mp4,C:\Users\Tony\Desktop\eclipse-workspace-codex\eclipse-workspace\datasets\drone_single_class\raw_sources\public\Drone-detection-dataset\Data\Video_IR\IR_DRONE_055_LABELS.mat
IR,DRONE,056,C:\Users\Tony\Desktop\eclipse-workspace-codex\eclipse-workspace\datasets\drone_single_class\raw_sources\public\Drone-detection-dataset\Data\Video_IR\IR_DRONE_056.mp4,C:\Users\Tony\Desktop\eclipse-workspace-codex\eclipse-workspace\datasets\drone_single_class\raw_sources\public\Drone-detection-dataset\Data\Video_IR\IR_DRONE_056_LABELS.mat
IR,DRONE,057,C:\Users\Tony\Desktop\eclipse-workspace-codex\eclipse-workspace\datasets\drone_single_class\raw_sources\public\Drone-detection-dataset\Data\Video_IR\IR_DRONE_057.mp4,C:\Users\Tony\Desktop\eclipse-workspace-codex\eclipse-workspace\datasets\drone_single_class\raw_sources\public\Drone-detection-dataset\Data\Video_IR\IR_DRONE_057_LABELS.mat
IR,DRONE,058,C:\Users\Tony\Desktop\eclipse-workspace-codex\eclipse-workspace\datasets\drone_single_class\raw_sources\public\Drone-detection-dataset\Data\Video_IR\IR_DRONE_058.mp4,C:\Users\Tony\Desktop\eclipse-workspace-codex\eclipse-workspace\datasets\drone_single_class\raw_sources\public\Drone-detection-dataset\Data\Video_IR\IR_DRONE_058_LABELS.mat
IR,DRONE,059,C:\Users\Tony\Desktop\eclipse-workspace-codex\eclipse-workspace\datasets\drone_single_class\raw_sources\public\Drone-detection-dataset\Data\Video_IR\IR_DRONE_059.mp4,C:\Users\Tony\Desktop\eclipse-workspace-codex\eclipse-workspace\datasets\drone_single_class\raw_sources\public\Drone-detection-dataset\Data\Video_IR\IR_DRONE_059_LABELS.mat
IR,DRONE,060,C:\Users\Tony\Desktop\eclipse-workspace-codex\eclipse-workspace\datasets\drone_single_class\raw_sources\public\Drone-detection-dataset\Data\Video_IR\IR_DRONE_060.mp4,C:\Users\Tony\Desktop\eclipse-workspace-codex\eclipse-workspace\datasets\drone_single_class\raw_sources\public\Drone-detection-dataset\Data\Video_IR\IR_DRONE_060_LABELS.mat
IR,DRONE,061,C:\Users\Tony\Desktop\eclipse-workspace-codex\eclipse-workspace\datasets\drone_single_class\raw_sources\public\Drone-detection-dataset\Data\Video_IR\IR_DRONE_061.mp4,C:\Users\Tony\Desktop\eclipse-workspace-codex\eclipse-workspace\datasets\drone_single_class\raw_sources\public\Drone-detection-dataset\Data\Video_IR\IR_DRONE_061_LABELS.mat
IR,DRONE,062,C:\Users\Tony\Desktop\eclipse-workspace-codex\eclipse-workspace\datasets\drone_single_class\raw_sources\public\Drone-detection-dataset\Data\Video_IR\IR_DRONE_062.mp4,C:\Users\Tony\Desktop\eclipse-workspace-codex\eclipse-workspace\datasets\drone_single_class\raw_sources\public\Drone-detection-dataset\Data\Video_IR\IR_DRONE_062_LABELS.mat
IR,DRONE,063,C:\Users\Tony\Desktop\eclipse-workspace-codex\eclipse-workspace\datasets\drone_single_class\raw_sources\public\Drone-detection-dataset\Data\Video_IR\IR_DRONE_063.mp4,C:\Users\Tony\Desktop\eclipse-workspace-codex\eclipse-workspace\datasets\drone_single_class\raw_sources\public\Drone-detection-dataset\Data\Video_IR\IR_DRONE_063_LABELS.mat
IR,DRONE,064,C:\Users\Tony\Desktop\eclipse-workspace-codex\eclipse-workspace\datasets\drone_single_class\raw_sources\public\Drone-detection-dataset\Data\Video_IR\IR_DRONE_064.mp4,C:\Users\Tony\Desktop\eclipse-workspace-codex\eclipse-workspace\datasets\drone_single_class\raw_sources\public\Drone-detection-dataset\Data\Video_IR\IR_DRONE_064_LABELS.mat
IR,DRONE,065,C:\Users\Tony\Desktop\eclipse-workspace-codex\eclipse-workspace\datasets\drone_single_class\raw_sources\public\Drone-detection-dataset\Data\Video_IR\IR_DRONE_065.mp4,C:\Users\Tony\Desktop\eclipse-workspace-codex\eclipse-workspace\datasets\drone_single_class\raw_sources\public\Drone-detection-dataset\Data\Video_IR\IR_DRONE_065_LABELS.mat
IR,DRONE,066,C:\Users\Tony\Desktop\eclipse-workspace-codex\eclipse-workspace\datasets\drone_single_class\raw_sources\public\Drone-detection-dataset\Data\Video_IR\IR_DRONE_066.mp4,C:\Users\Tony\Desktop\eclipse-workspace-codex\eclipse-workspace\datasets\drone_single_class\raw_sources\public\Drone-detection-dataset\Data\Video_IR\IR_DRONE_066_LABELS.mat
IR,DRONE,067,C:\Users\Tony\Desktop\eclipse-workspace-codex\eclipse-workspace\datasets\drone_single_class\raw_sources\public\Drone-detection-dataset\Data\Video_IR\IR_DRONE_067.mp4,C:\Users\Tony\Desktop\eclipse-workspace-codex\eclipse-workspace\datasets\drone_single_class\raw_sources\public\Drone-detection-dataset\Data\Video_IR\IR_DRONE_067_LABELS.mat
IR,DRONE,068,C:\Users\Tony\Desktop\eclipse-workspace-codex\eclipse-workspace\datasets\drone_single_class\raw_sources\public\Drone-detection-dataset\Data\Video_IR\IR_DRONE_068.mp4,C:\Users\Tony\Desktop\eclipse-workspace-codex\eclipse-workspace\datasets\drone_single_class\raw_sources\public\Drone-detection-dataset\Data\Video_IR\IR_DRONE_068_LABELS.mat
IR,DRONE,069,C:\Users\Tony\Desktop\eclipse-workspace-codex\eclipse-workspace\datasets\drone_single_class\raw_sources\public\Drone-detection-dataset\Data\Video_IR\IR_DRONE_069.mp4,C:\Users\Tony\Desktop\eclipse-workspace-codex\eclipse-workspace\datasets\drone_single_class\raw_sources\public\Drone-detection-dataset\Data\Video_IR\IR_DRONE_069_LABELS.mat
IR,DRONE,070,C:\Users\Tony\Desktop\eclipse-workspace-codex\eclipse-workspace\datasets\drone_single_class\raw_sources\public\Drone-detection-dataset\Data\Video_IR\IR_DRONE_070.mp4,C:\Users\Tony\Desktop\eclipse-workspace-codex\eclipse-workspace\datasets\drone_single_class\raw_sources\public\Drone-detection-dataset\Data\Video_IR\IR_DRONE_070_LABELS.mat
IR,DRONE,071,C:\Users\Tony\Desktop\eclipse-workspace-codex\eclipse-workspace\datasets\drone_single_class\raw_sources\public\Drone-detection-dataset\Data\Video_IR\IR_DRONE_071.mp4,C:\Users\Tony\Desktop\eclipse-workspace-codex\eclipse-workspace\datasets\drone_single_class\raw_sources\public\Drone-detection-dataset\Data\Video_IR\IR_DRONE_071_LABELS.mat
IR,DRONE,072,C:\Users\Tony\Desktop\eclipse-workspace-codex\eclipse-workspace\datasets\drone_single_class\raw_sources\public\Drone-detection-dataset\Data\Video_IR\IR_DRONE_072.mp4,C:\Users\Tony\Desktop\eclipse-workspace-codex\eclipse-workspace\datasets\drone_single_class\raw_sources\public\Drone-detection-dataset\Data\Video_IR\IR_DRONE_072_LABELS.mat
IR,DRONE,073,C:\Users\Tony\Desktop\eclipse-workspace-codex\eclipse-workspace\datasets\drone_single_class\raw_sources\public\Drone-detection-dataset\Data\Video_IR\IR_DRONE_073.mp4,C:\Users\Tony\Desktop\eclipse-workspace-codex\eclipse-workspace\datasets\drone_single_class\raw_sources\public\Drone-detection-dataset\Data\Video_IR\IR_DRONE_073_LABELS.mat
IR,DRONE,074,C:\Users\Tony\Desktop\eclipse-workspace-codex\eclipse-workspace\datasets\drone_single_class\raw_sources\public\Drone-detection-dataset\Data\Video_IR\IR_DRONE_074.mp4,C:\Users\Tony\Desktop\eclipse-workspace-codex\eclipse-workspace\datasets\drone_single_class\raw_sources\public\Drone-detection-dataset\Data\Video_IR\IR_DRONE_074_LABELS.mat
IR,DRONE,075,C:\Users\Tony\Desktop\eclipse-workspace-codex\eclipse-workspace\datasets\drone_single_class\raw_sources\public\Drone-detection-dataset\Data\Video_IR\IR_DRONE_075.mp4,C:\Users\Tony\Desktop\eclipse-workspace-codex\eclipse-workspace\datasets\drone_single_class\raw_sources\public\Drone-detection-dataset\Data\Video_IR\IR_DRONE_075_LABELS.mat
IR,DRONE,076,C:\Users\Tony\Desktop\eclipse-workspace-codex\eclipse-workspace\datasets\drone_single_class\raw_sources\public\Drone-detection-dataset\Data\Video_IR\IR_DRONE_076.mp4,C:\Users\Tony\Desktop\eclipse-workspace-codex\eclipse-workspace\datasets\drone_single_class\raw_sources\public\Drone-detection-dataset\Data\Video_IR\IR_DRONE_076_LABELS.mat
IR,DRONE,077,C:\Users\Tony\Desktop\eclipse-workspace-codex\eclipse-workspace\datasets\drone_single_class\raw_sources\public\Drone-detection-dataset\Data\Video_IR\IR_DRONE_077.mp4,C:\Users\Tony\Desktop\eclipse-workspace-codex\eclipse-workspace\datasets\drone_single_class\raw_sources\public\Drone-detection-dataset\Data\Video_IR\IR_DRONE_077_LABELS.mat
IR,DRONE,078,C:\Users\Tony\Desktop\eclipse-workspace-codex\eclipse-workspace\datasets\drone_single_class\raw_sources\public\Drone-detection-dataset\Data\Video_IR\IR_DRONE_078.mp4,C:\Users\Tony\Desktop\eclipse-workspace-codex\eclipse-workspace\datasets\drone_single_class\raw_sources\public\Drone-detection-dataset\Data\Video_IR\IR_DRONE_078_LABELS.mat
IR,DRONE,079,C:\Users\Tony\Desktop\eclipse-workspace-codex\eclipse-workspace\datasets\drone_single_class\raw_sources\public\Drone-detection-dataset\Data\Video_IR\IR_DRONE_079.mp4,C:\Users\Tony\Desktop\eclipse-workspace-codex\eclipse-workspace\datasets\drone_single_class\raw_sources\public\Drone-detection-dataset\Data\Video_IR\IR_DRONE_079_LABELS.mat
IR,DRONE,080,C:\Users\Tony\Desktop\eclipse-workspace-codex\eclipse-workspace\datasets\drone_single_class\raw_sources\public\Drone-detection-dataset\Data\Video_IR\IR_DRONE_080.mp4,C:\Users\Tony\Desktop\eclipse-workspace-codex\eclipse-workspace\datasets\drone_single_class\raw_sources\public\Drone-detection-dataset\Data\Video_IR\IR_DRONE_080_LABELS.mat
IR,DRONE,081,C:\Users\Tony\Desktop\eclipse-workspace-codex\eclipse-workspace\datasets\drone_single_class\raw_sources\public\Drone-detection-dataset\Data\Video_IR\IR_DRONE_081.mp4,C:\Users\Tony\Desktop\eclipse-workspace-codex\eclipse-workspace\datasets\drone_single_class\raw_sources\public\Drone-detection-dataset\Data\Video_IR\IR_DRONE_081_LABELS.mat
IR,DRONE,082,C:\Users\Tony\Desktop\eclipse-workspace-codex\eclipse-workspace\datasets\drone_single_class\raw_sources\public\Drone-detection-dataset\Data\Video_IR\IR_DRONE_082.mp4,C:\Users\Tony\Desktop\eclipse-workspace-codex\eclipse-workspace\datasets\drone_single_class\raw_sources\public\Drone-detection-dataset\Data\Video_IR\IR_DRONE_082_LABELS.mat
IR,DRONE,083,C:\Users\Tony\Desktop\eclipse-workspace-codex\eclipse-workspace\datasets\drone_single_class\raw_sources\public\Drone-detection-dataset\Data\Video_IR\IR_DRONE_083.mp4,C:\Users\Tony\Desktop\eclipse-workspace-codex\eclipse-workspace\datasets\drone_single_class\raw_sources\public\Drone-detection-dataset\Data\Video_IR\IR_DRONE_083_LABELS.mat
IR,DRONE,084,C:\Users\Tony\Desktop\eclipse-workspace-codex\eclipse-workspace\datasets\drone_single_class\raw_sources\public\Drone-detection-dataset\Data\Video_IR\IR_DRONE_084.mp4,C:\Users\Tony\Desktop\eclipse-workspace-codex\eclipse-workspace\datasets\drone_single_class\raw_sources\public\Drone-detection-dataset\Data\Video_IR\IR_DRONE_084_LABELS.mat
IR,DRONE,085,C:\Users\Tony\Desktop\eclipse-workspace-codex\eclipse-workspace\datasets\drone_single_class\raw_sources\public\Drone-detection-dataset\Data\Video_IR\IR_DRONE_085.mp4,C:\Users\Tony\Desktop\eclipse-workspace-codex\eclipse-workspace\datasets\drone_single_class\raw_sources\public\Drone-detection-dataset\Data\Video_IR\IR_DRONE_085_LABELS.mat
IR,DRONE,086,C:\Users\Tony\Desktop\eclipse-workspace-codex\eclipse-workspace\datasets\drone_single_class\raw_sources\public\Drone-detection-dataset\Data\Video_IR\IR_DRONE_086.mp4,C:\Users\Tony\Desktop\eclipse-workspace-codex\eclipse-workspace\datasets\drone_single_class\raw_sources\public\Drone-detection-dataset\Data\Video_IR\IR_DRONE_086_LABELS.mat
IR,DRONE,087,C:\Users\Tony\Desktop\eclipse-workspace-codex\eclipse-workspace\datasets\drone_single_class\raw_sources\public\Drone-detection-dataset\Data\Video_IR\IR_DRONE_087.mp4,C:\Users\Tony\Desktop\eclipse-workspace-codex\eclipse-workspace\datasets\drone_single_class\raw_sources\public\Drone-detection-dataset\Data\Video_IR\IR_DRONE_087_LABELS.mat
IR,DRONE,088,C:\Users\Tony\Desktop\eclipse-workspace-codex\eclipse-workspace\datasets\drone_single_class\raw_sources\public\Drone-detection-dataset\Data\Video_IR\IR_DRONE_088.mp4,C:\Users\Tony\Desktop\eclipse-workspace-codex\eclipse-workspace\datasets\drone_single_class\raw_sources\public\Drone-detection-dataset\Data\Video_IR\IR_DRONE_088_LABELS.mat
IR,DRONE,089,C:\Users\Tony\Desktop\eclipse-workspace-codex\eclipse-workspace\datasets\drone_single_class\raw_sources\public\Drone-detection-dataset\Data\Video_IR\IR_DRONE_089.mp4,C:\Users\Tony\Desktop\eclipse-workspace-codex\eclipse-workspace\datasets\drone_single_class\raw_sources\public\Drone-detection-dataset\Data\Video_IR\IR_DRONE_089_LABELS.mat
IR,DRONE,090,C:\Users\Tony\Desktop\eclipse-workspace-codex\eclipse-workspace\datasets\drone_single_class\raw_sources\public\Drone-detection-dataset\Data\Video_IR\IR_DRONE_090.mp4,C:\Users\Tony\Desktop\eclipse-workspace-codex\eclipse-workspace\datasets\drone_single_class\raw_sources\public\Drone-detection-dataset\Data\Video_IR\IR_DRONE_090_LABELS.mat
IR,DRONE,091,C:\Users\Tony\Desktop\eclipse-workspace-codex\eclipse-workspace\datasets\drone_single_class\raw_sources\public\Drone-detection-dataset\Data\Video_IR\IR_DRONE_091.mp4,C:\Users\Tony\Desktop\eclipse-workspace-codex\eclipse-workspace\datasets\drone_single_class\raw_sources\public\Drone-detection-dataset\Data\Video_IR\IR_DRONE_091_LABELS.mat
IR,DRONE,092,C:\Users\Tony\Desktop\eclipse-workspace-codex\eclipse-workspace\datasets\drone_single_class\raw_sources\public\Drone-detection-dataset\Data\Video_IR\IR_DRONE_092.mp4,C:\Users\Tony\Desktop\eclipse-workspace-codex\eclipse-workspace\datasets\drone_single_class\raw_sources\public\Drone-detection-dataset\Data\Video_IR\IR_DRONE_092_LABELS.mat
IR,DRONE,093,C:\Users\Tony\Desktop\eclipse-workspace-codex\eclipse-workspace\datasets\drone_single_class\raw_sources\public\Drone-detection-dataset\Data\Video_IR\IR_DRONE_093.mp4,C:\Users\Tony\Desktop\eclipse-workspace-codex\eclipse-workspace\datasets\drone_single_class\raw_sources\public\Drone-detection-dataset\Data\Video_IR\IR_DRONE_093_LABELS.mat
IR,DRONE,094,C:\Users\Tony\Desktop\eclipse-workspace-codex\eclipse-workspace\datasets\drone_single_class\raw_sources\public\Drone-detection-dataset\Data\Video_IR\IR_DRONE_094.mp4,C:\Users\Tony\Desktop\eclipse-workspace-codex\eclipse-workspace\datasets\drone_single_class\raw_sources\public\Drone-detection-dataset\Data\Video_IR\IR_DRONE_094_LABELS.mat
IR,DRONE,095,C:\Users\Tony\Desktop\eclipse-workspace-codex\eclipse-workspace\datasets\drone_single_class\raw_sources\public\Drone-detection-dataset\Data\Video_IR\IR_DRONE_095.mp4,C:\Users\Tony\Desktop\eclipse-workspace-codex\eclipse-workspace\datasets\drone_single_class\raw_sources\public\Drone-detection-dataset\Data\Video_IR\IR_DRONE_095_LABELS.mat
IR,DRONE,096,C:\Users\Tony\Desktop\eclipse-workspace-codex\eclipse-workspace\datasets\drone_single_class\raw_sources\public\Drone-detection-dataset\Data\Video_IR\IR_DRONE_096.mp4,C:\Users\Tony\Desktop\eclipse-workspace-codex\eclipse-workspace\datasets\drone_single_class\raw_sources\public\Drone-detection-dataset\Data\Video_IR\IR_DRONE_096_LABELS.mat
IR,DRONE,097,C:\Users\Tony\Desktop\eclipse-workspace-codex\eclipse-workspace\datasets\drone_single_class\raw_sources\public\Drone-detection-dataset\Data\Video_IR\IR_DRONE_097.mp4,C:\Users\Tony\Desktop\eclipse-workspace-codex\eclipse-workspace\datasets\drone_single_class\raw_sources\public\Drone-detection-dataset\Data\Video_IR\IR_DRONE_097_LABELS.mat
IR,DRONE,098,C:\Users\Tony\Desktop\eclipse-workspace-codex\eclipse-workspace\datasets\drone_single_class\raw_sources\public\Drone-detection-dataset\Data\Video_IR\IR_DRONE_098.mp4,C:\Users\Tony\Desktop\eclipse-workspace-codex\eclipse-workspace\datasets\drone_single_class\raw_sources\public\Drone-detection-dataset\Data\Video_IR\IR_DRONE_098_LABELS.mat
IR,DRONE,099,C:\Users\Tony\Desktop\eclipse-workspace-codex\eclipse-workspace\datasets\drone_single_class\raw_sources\public\Drone-detection-dataset\Data\Video_IR\IR_DRONE_099.mp4,C:\Users\Tony\Desktop\eclipse-workspace-codex\eclipse-workspace\datasets\drone_single_class\raw_sources\public\Drone-detection-dataset\Data\Video_IR\IR_DRONE_099_LABELS.mat
IR,DRONE,100,C:\Users\Tony\Desktop\eclipse-workspace-codex\eclipse-workspace\datasets\drone_single_class\raw_sources\public\Drone-detection-dataset\Data\Video_IR\IR_DRONE_100.mp4,C:\Users\Tony\Desktop\eclipse-workspace-codex\eclipse-workspace\datasets\drone_single_class\raw_sources\public\Drone-detection-dataset\Data\Video_IR\IR_DRONE_100_LABELS.mat
IR,DRONE,101,C:\Users\Tony\Desktop\eclipse-workspace-codex\eclipse-workspace\datasets\drone_single_class\raw_sources\public\Drone-detection-dataset\Data\Video_IR\IR_DRONE_101.mp4,C:\Users\Tony\Desktop\eclipse-workspace-codex\eclipse-workspace\datasets\drone_single_class\raw_sources\public\Drone-detection-dataset\Data\Video_IR\IR_DRONE_101_LABELS.mat
IR,DRONE,102,C:\Users\Tony\Desktop\eclipse-workspace-codex\eclipse-workspace\datasets\drone_single_class\raw_sources\public\Drone-detection-dataset\Data\Video_IR\IR_DRONE_102.mp4,C:\Users\Tony\Desktop\eclipse-workspace-codex\eclipse-workspace\datasets\drone_single_class\raw_sources\public\Drone-detection-dataset\Data\Video_IR\IR_DRONE_102_LABELS.mat
IR,DRONE,103,C:\Users\Tony\Desktop\eclipse-workspace-codex\eclipse-workspace\datasets\drone_single_class\raw_sources\public\Drone-detection-dataset\Data\Video_IR\IR_DRONE_103.mp4,C:\Users\Tony\Desktop\eclipse-workspace-codex\eclipse-workspace\datasets\drone_single_class\raw_sources\public\Drone-detection-dataset\Data\Video_IR\IR_DRONE_103_LABELS.mat
IR,DRONE,104,C:\Users\Tony\Desktop\eclipse-workspace-codex\eclipse-workspace\datasets\drone_single_class\raw_sources\public\Drone-detection-dataset\Data\Video_IR\IR_DRONE_104.mp4,C:\Users\Tony\Desktop\eclipse-workspace-codex\eclipse-workspace\datasets\drone_single_class\raw_sources\public\Drone-detection-dataset\Data\Video_IR\IR_DRONE_104_LABELS.mat
IR,DRONE,105,C:\Users\Tony\Desktop\eclipse-workspace-codex\eclipse-workspace\datasets\drone_single_class\raw_sources\public\Drone-detection-dataset\Data\Video_IR\IR_DRONE_105.mp4,C:\Users\Tony\Desktop\eclipse-workspace-codex\eclipse-workspace\datasets\drone_single_class\raw_sources\public\Drone-detection-dataset\Data\Video_IR\IR_DRONE_105_LABELS.mat
IR,DRONE,106,C:\Users\Tony\Desktop\eclipse-workspace-codex\eclipse-workspace\datasets\drone_single_class\raw_sources\public\Drone-detection-dataset\Data\Video_IR\IR_DRONE_106.mp4,C:\Users\Tony\Desktop\eclipse-workspace-codex\eclipse-workspace\datasets\drone_single_class\raw_sources\public\Drone-detection-dataset\Data\Video_IR\IR_DRONE_106_LABELS.mat
IR,DRONE,107,C:\Users\Tony\Desktop\eclipse-workspace-codex\eclipse-workspace\datasets\drone_single_class\raw_sources\public\Drone-detection-dataset\Data\Video_IR\IR_DRONE_107.mp4,C:\Users\Tony\Desktop\eclipse-workspace-codex\eclipse-workspace\datasets\drone_single_class\raw_sources\public\Drone-detection-dataset\Data\Video_IR\IR_DRONE_107_LABELS.mat
IR,DRONE,108,C:\Users\Tony\Desktop\eclipse-workspace-codex\eclipse-workspace\datasets\drone_single_class\raw_sources\public\Drone-detection-dataset\Data\Video_IR\IR_DRONE_108.mp4,C:\Users\Tony\Desktop\eclipse-workspace-codex\eclipse-workspace\datasets\drone_single_class\raw_sources\public\Drone-detection-dataset\Data\Video_IR\IR_DRONE_108_LABELS.mat
IR,DRONE,109,C:\Users\Tony\Desktop\eclipse-workspace-codex\eclipse-workspace\datasets\drone_single_class\raw_sources\public\Drone-detection-dataset\Data\Video_IR\IR_DRONE_109.mp4,C:\Users\Tony\Desktop\eclipse-workspace-codex\eclipse-workspace\datasets\drone_single_class\raw_sources\public\Drone-detection-dataset\Data\Video_IR\IR_DRONE_109_LABELS.mat
IR,DRONE,110,C:\Users\Tony\Desktop\eclipse-workspace-codex\eclipse-workspace\datasets\drone_single_class\raw_sources\public\Drone-detection-dataset\Data\Video_IR\IR_DRONE_110.mp4,C:\Users\Tony\Desktop\eclipse-workspace-codex\eclipse-workspace\datasets\drone_single_class\raw_sources\public\Drone-detection-dataset\Data\Video_IR\IR_DRONE_110_LABELS.mat
IR,DRONE,111,C:\Users\Tony\Desktop\eclipse-workspace-codex\eclipse-workspace\datasets\drone_single_class\raw_sources\public\Drone-detection-dataset\Data\Video_IR\IR_DRONE_111.mp4,C:\Users\Tony\Desktop\eclipse-workspace-codex\eclipse-workspace\datasets\drone_single_class\raw_sources\public\Drone-detection-dataset\Data\Video_IR\IR_DRONE_111_LABELS.mat
IR,DRONE,112,C:\Users\Tony\Desktop\eclipse-workspace-codex\eclipse-workspace\datasets\drone_single_class\raw_sources\public\Drone-detection-dataset\Data\Video_IR\IR_DRONE_112.mp4,C:\Users\Tony\Desktop\eclipse-workspace-codex\eclipse-workspace\datasets\drone_single_class\raw_sources\public\Drone-detection-dataset\Data\Video_IR\IR_DRONE_112_LABELS.mat
IR,DRONE,113,C:\Users\Tony\Desktop\eclipse-workspace-codex\eclipse-workspace\datasets\drone_single_class\raw_sources\public\Drone-detection-dataset\Data\Video_IR\IR_DRONE_113.mp4,C:\Users\Tony\Desktop\eclipse-workspace-codex\eclipse-workspace\datasets\drone_single_class\raw_sources\public\Drone-detection-dataset\Data\Video_IR\IR_DRONE_113_LABELS.mat
IR,DRONE,114,C:\Users\Tony\Desktop\eclipse-workspace-codex\eclipse-workspace\datasets\drone_single_class\raw_sources\public\Drone-detection-dataset\Data\Video_IR\IR_DRONE_114.mp4,C:\Users\Tony\Desktop\eclipse-workspace-codex\eclipse-workspace\datasets\drone_single_class\raw_sources\public\Drone-detection-dataset\Data\Video_IR\IR_DRONE_114_LABELS.mat
IR,DRONE,115,C:\Users\Tony\Desktop\eclipse-workspace-codex\eclipse-workspace\datasets\drone_single_class\raw_sources\public\Drone-detection-dataset\Data\Video_IR\IR_DRONE_115.mp4,C:\Users\Tony\Desktop\eclipse-workspace-codex\eclipse-workspace\datasets\drone_single_class\raw_sources\public\Drone-detection-dataset\Data\Video_IR\IR_DRONE_115_LABELS.mat
IR,DRONE,116,C:\Users\Tony\Desktop\eclipse-workspace-codex\eclipse-workspace\datasets\drone_single_class\raw_sources\public\Drone-detection-dataset\Data\Video_IR\IR_DRONE_116.mp4,C:\Users\Tony\Desktop\eclipse-workspace-codex\eclipse-workspace\datasets\drone_single_class\raw_sources\public\Drone-detection-dataset\Data\Video_IR\IR_DRONE_116_LABELS.mat
IR,DRONE,117,C:\Users\Tony\Desktop\eclipse-workspace-codex\eclipse-workspace\datasets\drone_single_class\raw_sources\public\Drone-detection-dataset\Data\Video_IR\IR_DRONE_117.mp4,C:\Users\Tony\Desktop\eclipse-workspace-codex\eclipse-workspace\datasets\drone_single_class\raw_sources\public\Drone-detection-dataset\Data\Video_IR\IR_DRONE_117_LABELS.mat
IR,DRONE,118,C:\Users\Tony\Desktop\eclipse-workspace-codex\eclipse-workspace\datasets\drone_single_class\raw_sources\public\Drone-detection-dataset\Data\Video_IR\IR_DRONE_118.mp4,C:\Users\Tony\Desktop\eclipse-workspace-codex\eclipse-workspace\datasets\drone_single_class\raw_sources\public\Drone-detection-dataset\Data\Video_IR\IR_DRONE_118_LABELS.mat
IR,DRONE,119,C:\Users\Tony\Desktop\eclipse-workspace-codex\eclipse-workspace\datasets\drone_single_class\raw_sources\public\Drone-detection-dataset\Data\Video_IR\IR_DRONE_119.mp4,C:\Users\Tony\Desktop\eclipse-workspace-codex\eclipse-workspace\datasets\drone_single_class\raw_sources\public\Drone-detection-dataset\Data\Video_IR\IR_DRONE_119_LABELS.mat
IR,DRONE,120,C:\Users\Tony\Desktop\eclipse-workspace-codex\eclipse-workspace\datasets\drone_single_class\raw_sources\public\Drone-detection-dataset\Data\Video_IR\IR_DRONE_120.mp4,C:\Users\Tony\Desktop\eclipse-workspace-codex\eclipse-workspace\datasets\drone_single_class\raw_sources\public\Drone-detection-dataset\Data\Video_IR\IR_DRONE_120_LABELS.mat
IR,DRONE,121,C:\Users\Tony\Desktop\eclipse-workspace-codex\eclipse-workspace\datasets\drone_single_class\raw_sources\public\Drone-detection-dataset\Data\Video_IR\IR_DRONE_121.mp4,C:\Users\Tony\Desktop\eclipse-workspace-codex\eclipse-workspace\datasets\drone_single_class\raw_sources\public\Drone-detection-dataset\Data\Video_IR\IR_DRONE_121_LABELS.mat
IR,DRONE,122,C:\Users\Tony\Desktop\eclipse-workspace-codex\eclipse-workspace\datasets\drone_single_class\raw_sources\public\Drone-detection-dataset\Data\Video_IR\IR_DRONE_122.mp4,C:\Users\Tony\Desktop\eclipse-workspace-codex\eclipse-workspace\datasets\drone_single_class\raw_sources\public\Drone-detection-dataset\Data\Video_IR\IR_DRONE_122_LABELS.mat
IR,DRONE,123,C:\Users\Tony\Desktop\eclipse-workspace-codex\eclipse-workspace\datasets\drone_single_class\raw_sources\public\Drone-detection-dataset\Data\Video_IR\IR_DRONE_123.mp4,C:\Users\Tony\Desktop\eclipse-workspace-codex\eclipse-workspace\datasets\drone_single_class\raw_sources\public\Drone-detection-dataset\Data\Video_IR\IR_DRONE_123_LABELS.mat
IR,DRONE,124,C:\Users\Tony\Desktop\eclipse-workspace-codex\eclipse-workspace\datasets\drone_single_class\raw_sources\public\Drone-detection-dataset\Data\Video_IR\IR_DRONE_124.mp4,C:\Users\Tony\Desktop\eclipse-workspace-codex\eclipse-workspace\datasets\drone_single_class\raw_sources\public\Drone-detection-dataset\Data\Video_IR\IR_DRONE_124_LABELS.mat
IR,DRONE,125,C:\Users\Tony\Desktop\eclipse-workspace-codex\eclipse-workspace\datasets\drone_single_class\raw_sources\public\Drone-detection-dataset\Data\Video_IR\IR_DRONE_125.mp4,C:\Users\Tony\Desktop\eclipse-workspace-codex\eclipse-workspace\datasets\drone_single_class\raw_sources\public\Drone-detection-dataset\Data\Video_IR\IR_DRONE_125_LABELS.mat
IR,DRONE,126,C:\Users\Tony\Desktop\eclipse-workspace-codex\eclipse-workspace\datasets\drone_single_class\raw_sources\public\Drone-detection-dataset\Data\Video_IR\IR_DRONE_126.mp4,C:\Users\Tony\Desktop\eclipse-workspace-codex\eclipse-workspace\datasets\drone_single_class\raw_sources\public\Drone-detection-dataset\Data\Video_IR\IR_DRONE_126_LABELS.mat
IR,DRONE,127,C:\Users\Tony\Desktop\eclipse-workspace-codex\eclipse-workspace\datasets\drone_single_class\raw_sources\public\Drone-detection-dataset\Data\Video_IR\IR_DRONE_127.mp4,C:\Users\Tony\Desktop\eclipse-workspace-codex\eclipse-workspace\datasets\drone_single_class\raw_sources\public\Drone-detection-dataset\Data\Video_IR\IR_DRONE_127_LABELS.mat
IR,DRONE,128,C:\Users\Tony\Desktop\eclipse-workspace-codex\eclipse-workspace\datasets\drone_single_class\raw_sources\public\Drone-detection-dataset\Data\Video_IR\IR_DRONE_128.mp4,C:\Users\Tony\Desktop\eclipse-workspace-codex\eclipse-workspace\datasets\drone_single_class\raw_sources\public\Drone-detection-dataset\Data\Video_IR\IR_DRONE_128_LABELS.mat
IR,DRONE,129,C:\Users\Tony\Desktop\eclipse-workspace-codex\eclipse-workspace\datasets\drone_single_class\raw_sources\public\Drone-detection-dataset\Data\Video_IR\IR_DRONE_129.mp4,C:\Users\Tony\Desktop\eclipse-workspace-codex\eclipse-workspace\datasets\drone_single_class\raw_sources\public\Drone-detection-dataset\Data\Video_IR\IR_DRONE_129_LABELS.mat
IR,DRONE,130,C:\Users\Tony\Desktop\eclipse-workspace-codex\eclipse-workspace\datasets\drone_single_class\raw_sources\public\Drone-detection-dataset\Data\Video_IR\IR_DRONE_130.mp4,C:\Users\Tony\Desktop\eclipse-workspace-codex\eclipse-workspace\datasets\drone_single_class\raw_sources\public\Drone-detection-dataset\Data\Video_IR\IR_DRONE_130_LABELS.mat
IR,DRONE,131,C:\Users\Tony\Desktop\eclipse-workspace-codex\eclipse-workspace\datasets\drone_single_class\raw_sources\public\Drone-detection-dataset\Data\Video_IR\IR_DRONE_131.mp4,C:\Users\Tony\Desktop\eclipse-workspace-codex\eclipse-workspace\datasets\drone_single_class\raw_sources\public\Drone-detection-dataset\Data\Video_IR\IR_DRONE_131_LABELS.mat
IR,DRONE,132,C:\Users\Tony\Desktop\eclipse-workspace-codex\eclipse-workspace\datasets\drone_single_class\raw_sources\public\Drone-detection-dataset\Data\Video_IR\IR_DRONE_132.mp4,C:\Users\Tony\Desktop\eclipse-workspace-codex\eclipse-workspace\datasets\drone_single_class\raw_sources\public\Drone-detection-dataset\Data\Video_IR\IR_DRONE_132_LABELS.mat
IR,DRONE,133,C:\Users\Tony\Desktop\eclipse-workspace-codex\eclipse-workspace\datasets\drone_single_class\raw_sources\public\Drone-detection-dataset\Data\Video_IR\IR_DRONE_133.mp4,C:\Users\Tony\Desktop\eclipse-workspace-codex\eclipse-workspace\datasets\drone_single_class\raw_sources\public\Drone-detection-dataset\Data\Video_IR\IR_DRONE_133_LABELS.mat
IR,DRONE,134,C:\Users\Tony\Desktop\eclipse-workspace-codex\eclipse-workspace\datasets\drone_single_class\raw_sources\public\Drone-detection-dataset\Data\Video_IR\IR_DRONE_134.mp4,C:\Users\Tony\Desktop\eclipse-workspace-codex\eclipse-workspace\datasets\drone_single_class\raw_sources\public\Drone-detection-dataset\Data\Video_IR\IR_DRONE_134_LABELS.mat
IR,DRONE,135,C:\Users\Tony\Desktop\eclipse-workspace-codex\eclipse-workspace\datasets\drone_single_class\raw_sources\public\Drone-detection-dataset\Data\Video_IR\IR_DRONE_135.mp4,C:\Users\Tony\Desktop\eclipse-workspace-codex\eclipse-workspace\datasets\drone_single_class\raw_sources\public\Drone-detection-dataset\Data\Video_IR\IR_DRONE_135_LABELS.mat
IR,DRONE,136,C:\Users\Tony\Desktop\eclipse-workspace-codex\eclipse-workspace\datasets\drone_single_class\raw_sources\public\Drone-detection-dataset\Data\Video_IR\IR_DRONE_136.mp4,C:\Users\Tony\Desktop\eclipse-workspace-codex\eclipse-workspace\datasets\drone_single_class\raw_sources\public\Drone-detection-dataset\Data\Video_IR\IR_DRONE_136_LABELS.mat
IR,DRONE,137,C:\Users\Tony\Desktop\eclipse-workspace-codex\eclipse-workspace\datasets\drone_single_class\raw_sources\public\Drone-detection-dataset\Data\Video_IR\IR_DRONE_137.mp4,C:\Users\Tony\Desktop\eclipse-workspace-codex\eclipse-workspace\datasets\drone_single_class\raw_sources\public\Drone-detection-dataset\Data\Video_IR\IR_DRONE_137_LABELS.mat
IR,DRONE,138,C:\Users\Tony\Desktop\eclipse-workspace-codex\eclipse-workspace\datasets\drone_single_class\raw_sources\public\Drone-detection-dataset\Data\Video_IR\IR_DRONE_138.mp4,C:\Users\Tony\Desktop\eclipse-workspace-codex\eclipse-workspace\datasets\drone_single_class\raw_sources\public\Drone-detection-dataset\Data\Video_IR\IR_DRONE_138_LABELS.mat
IR,DRONE,139,C:\Users\Tony\Desktop\eclipse-workspace-codex\eclipse-workspace\datasets\drone_single_class\raw_sources\public\Drone-detection-dataset\Data\Video_IR\IR_DRONE_139.mp4,C:\Users\Tony\Desktop\eclipse-workspace-codex\eclipse-workspace\datasets\drone_single_class\raw_sources\public\Drone-detection-dataset\Data\Video_IR\IR_DRONE_139_LABELS.mat
IR,DRONE,140,C:\Users\Tony\Desktop\eclipse-workspace-codex\eclipse-workspace\datasets\drone_single_class\raw_sources\public\Drone-detection-dataset\Data\Video_IR\IR_DRONE_140.mp4,C:\Users\Tony\Desktop\eclipse-workspace-codex\eclipse-workspace\datasets\drone_single_class\raw_sources\public\Drone-detection-dataset\Data\Video_IR\IR_DRONE_140_LABELS.mat
IR,DRONE,141,C:\Users\Tony\Desktop\eclipse-workspace-codex\eclipse-workspace\datasets\drone_single_class\raw_sources\public\Drone-detection-dataset\Data\Video_IR\IR_DRONE_141.mp4,C:\Users\Tony\Desktop\eclipse-workspace-codex\eclipse-workspace\datasets\drone_single_class\raw_sources\public\Drone-detection-dataset\Data\Video_IR\IR_DRONE_141_LABELS.mat
IR,DRONE,142,C:\Users\Tony\Desktop\eclipse-workspace-codex\eclipse-workspace\datasets\drone_single_class\raw_sources\public\Drone-detection-dataset\Data\Video_IR\IR_DRONE_142.mp4,C:\Users\Tony\Desktop\eclipse-workspace-codex\eclipse-workspace\datasets\drone_single_class\raw_sources\public\Drone-detection-dataset\Data\Video_IR\IR_DRONE_142_LABELS.mat
IR,DRONE,143,C:\Users\Tony\Desktop\eclipse-workspace-codex\eclipse-workspace\datasets\drone_single_class\raw_sources\public\Drone-detection-dataset\Data\Video_IR\IR_DRONE_143.mp4,C:\Users\Tony\Desktop\eclipse-workspace-codex\eclipse-workspace\datasets\drone_single_class\raw_sources\public\Drone-detection-dataset\Data\Video_IR\IR_DRONE_143_LABELS.mat
IR,DRONE,144,C:\Users\Tony\Desktop\eclipse-workspace-codex\eclipse-workspace\datasets\drone_single_class\raw_sources\public\Drone-detection-dataset\Data\Video_IR\IR_DRONE_144.mp4,C:\Users\Tony\Desktop\eclipse-workspace-codex\eclipse-workspace\datasets\drone_single_class\raw_sources\public\Drone-detection-dataset\Data\Video_IR\IR_DRONE_144_LABELS.mat
IR,DRONE,145,C:\Users\Tony\Desktop\eclipse-workspace-codex\eclipse-workspace\datasets\drone_single_class\raw_sources\public\Drone-detection-dataset\Data\Video_IR\IR_DRONE_145.mp4,C:\Users\Tony\Desktop\eclipse-workspace-codex\eclipse-workspace\datasets\drone_single_class\raw_sources\public\Drone-detection-dataset\Data\Video_IR\IR_DRONE_145_LABELS.mat
IR,DRONE,146,C:\Users\Tony\Desktop\eclipse-workspace-codex\eclipse-workspace\datasets\drone_single_class\raw_sources\public\Drone-detection-dataset\Data\Video_IR\IR_DRONE_146.mp4,C:\Users\Tony\Desktop\eclipse-workspace-codex\eclipse-workspace\datasets\drone_single_class\raw_sources\public\Drone-detection-dataset\Data\Video_IR\IR_DRONE_146_LABELS.mat
IR,DRONE,147,C:\Users\Tony\Desktop\eclipse-workspace-codex\eclipse-workspace\datasets\drone_single_class\raw_sources\public\Drone-detection-dataset\Data\Video_IR\IR_DRONE_147.mp4,C:\Users\Tony\Desktop\eclipse-workspace-codex\eclipse-workspace\datasets\drone_single_class\raw_sources\public\Drone-detection-dataset\Data\Video_IR\IR_DRONE_147_LABELS.mat
IR,DRONE,148,C:\Users\Tony\Desktop\eclipse-workspace-codex\eclipse-workspace\datasets\drone_single_class\raw_sources\public\Drone-detection-dataset\Data\Video_IR\IR_DRONE_148.mp4,C:\Users\Tony\Desktop\eclipse-workspace-codex\eclipse-workspace\datasets\drone_single_class\raw_sources\public\Drone-detection-dataset\Data\Video_IR\IR_DRONE_148_LABELS.mat
IR,DRONE,149,C:\Users\Tony\Desktop\eclipse-workspace-codex\eclipse-workspace\datasets\drone_single_class\raw_sources\public\Drone-detection-dataset\Data\Video_IR\IR_DRONE_149.mp4,C:\Users\Tony\Desktop\eclipse-workspace-codex\eclipse-workspace\datasets\drone_single_class\raw_sources\public\Drone-detection-dataset\Data\Video_IR\IR_DRONE_149_LABELS.mat
IR,DRONE,150,C:\Users\Tony\Desktop\eclipse-workspace-codex\eclipse-workspace\datasets\drone_single_class\raw_sources\public\Drone-detection-dataset\Data\Video_IR\IR_DRONE_150.mp4,C:\Users\Tony\Desktop\eclipse-workspace-codex\eclipse-workspace\datasets\drone_single_class\raw_sources\public\Drone-detection-dataset\Data\Video_IR\IR_DRONE_150_LABELS.mat
IR,DRONE,151,C:\Users\Tony\Desktop\eclipse-workspace-codex\eclipse-workspace\datasets\drone_single_class\raw_sources\public\Drone-detection-dataset\Data\Video_IR\IR_DRONE_151.mp4,C:\Users\Tony\Desktop\eclipse-workspace-codex\eclipse-workspace\datasets\drone_single_class\raw_sources\public\Drone-detection-dataset\Data\Video_IR\IR_DRONE_151_LABELS.mat
IR,DRONE,152,C:\Users\Tony\Desktop\eclipse-workspace-codex\eclipse-workspace\datasets\drone_single_class\raw_sources\public\Drone-detection-dataset\Data\Video_IR\IR_DRONE_152.mp4,C:\Users\Tony\Desktop\eclipse-workspace-codex\eclipse-workspace\datasets\drone_single_class\raw_sources\public\Drone-detection-dataset\Data\Video_IR\IR_DRONE_152_LABELS.mat
IR,DRONE,153,C:\Users\Tony\Desktop\eclipse-workspace-codex\eclipse-workspace\datasets\drone_single_class\raw_sources\public\Drone-detection-dataset\Data\Video_IR\IR_DRONE_153.mp4,C:\Users\Tony\Desktop\eclipse-workspace-codex\eclipse-workspace\datasets\drone_single_class\raw_sources\public\Drone-detection-dataset\Data\Video_IR\IR_DRONE_153_LABELS.mat
IR,DRONE,154,C:\Users\Tony\Desktop\eclipse-workspace-codex\eclipse-workspace\datasets\drone_single_class\raw_sources\public\Drone-detection-dataset\Data\Video_IR\IR_DRONE_154.mp4,C:\Users\Tony\Desktop\eclipse-workspace-codex\eclipse-workspace\datasets\drone_single_class\raw_sources\public\Drone-detection-dataset\Data\Video_IR\IR_DRONE_154_LABELS.mat
IR,DRONE,155,C:\Users\Tony\Desktop\eclipse-workspace-codex\eclipse-workspace\datasets\drone_single_class\raw_sources\public\Drone-detection-dataset\Data\Video_IR\IR_DRONE_155.mp4,C:\Users\Tony\Desktop\eclipse-workspace-codex\eclipse-workspace\datasets\drone_single_class\raw_sources\public\Drone-detection-dataset\Data\Video_IR\IR_DRONE_155_LABELS.mat
IR,DRONE,156,C:\Users\Tony\Desktop\eclipse-workspace-codex\eclipse-workspace\datasets\drone_single_class\raw_sources\public\Drone-detection-dataset\Data\Video_IR\IR_DRONE_156.mp4,C:\Users\Tony\Desktop\eclipse-workspace-codex\eclipse-workspace\datasets\drone_single_class\raw_sources\public\Drone-detection-dataset\Data\Video_IR\IR_DRONE_156_LABELS.mat
IR,DRONE,157,C:\Users\Tony\Desktop\eclipse-workspace-codex\eclipse-workspace\datasets\drone_single_class\raw_sources\public\Drone-detection-dataset\Data\Video_IR\IR_DRONE_157.mp4,C:\Users\Tony\Desktop\eclipse-workspace-codex\eclipse-workspace\datasets\drone_single_class\raw_sources\public\Drone-detection-dataset\Data\Video_IR\IR_DRONE_157_LABELS.mat
V,DRONE,001,C:\Users\Tony\Desktop\eclipse-workspace-codex\eclipse-workspace\datasets\drone_single_class\raw_sources\public\Drone-detection-dataset\Data\Video_V\V_DRONE_001.mp4,C:\Users\Tony\Desktop\eclipse-workspace-codex\eclipse-workspace\datasets\drone_single_class\raw_sources\public\Drone-detection-dataset\Data\Video_V\V_DRONE_001_LABELS.mat
V,DRONE,002,C:\Users\Tony\Desktop\eclipse-workspace-codex\eclipse-workspace\datasets\drone_single_class\raw_sources\public\Drone-detection-dataset\Data\Video_V\V_DRONE_002.mp4,C:\Users\Tony\Desktop\eclipse-workspace-codex\eclipse-workspace\datasets\drone_single_class\raw_sources\public\Drone-detection-dataset\Data\Video_V\V_DRONE_002_LABELS.mat
V,DRONE,003,C:\Users\Tony\Desktop\eclipse-workspace-codex\eclipse-workspace\datasets\drone_single_class\raw_sources\public\Drone-detection-dataset\Data\Video_V\V_DRONE_003.mp4,C:\Users\Tony\Desktop\eclipse-workspace-codex\eclipse-workspace\datasets\drone_single_class\raw_sources\public\Drone-detection-dataset\Data\Video_V\V_DRONE_003_LABELS.mat
V,DRONE,004,C:\Users\Tony\Desktop\eclipse-workspace-codex\eclipse-workspace\datasets\drone_single_class\raw_sources\public\Drone-detection-dataset\Data\Video_V\V_DRONE_004.mp4,C:\Users\Tony\Desktop\eclipse-workspace-codex\eclipse-workspace\datasets\drone_single_class\raw_sources\public\Drone-detection-dataset\Data\Video_V\V_DRONE_004_LABELS.mat
V,DRONE,005,C:\Users\Tony\Desktop\eclipse-workspace-codex\eclipse-workspace\datasets\drone_single_class\raw_sources\public\Drone-detection-dataset\Data\Video_V\V_DRONE_005.mp4,C:\Users\Tony\Desktop\eclipse-workspace-codex\eclipse-workspace\datasets\drone_single_class\raw_sources\public\Drone-detection-dataset\Data\Video_V\V_DRONE_005_LABELS.mat
V,DRONE,006,C:\Users\Tony\Desktop\eclipse-workspace-codex\eclipse-workspace\datasets\drone_single_class\raw_sources\public\Drone-detection-dataset\Data\Video_V\V_DRONE_006.mp4,C:\Users\Tony\Desktop\eclipse-workspace-codex\eclipse-workspace\datasets\drone_single_class\raw_sources\public\Drone-detection-dataset\Data\Video_V\V_DRONE_006_LABELS.mat
V,DRONE,007,C:\Users\Tony\Desktop\eclipse-workspace-codex\eclipse-workspace\datasets\drone_single_class\raw_sources\public\Drone-detection-dataset\Data\Video_V\V_DRONE_007.mp4,C:\Users\Tony\Desktop\eclipse-workspace-codex\eclipse-workspace\datasets\drone_single_class\raw_sources\public\Drone-detection-dataset\Data\Video_V\V_DRONE_007_LABELS.mat
V,DRONE,008,C:\Users\Tony\Desktop\eclipse-workspace-codex\eclipse-workspace\datasets\drone_single_class\raw_sources\public\Drone-detection-dataset\Data\Video_V\V_DRONE_008.mp4,C:\Users\Tony\Desktop\eclipse-workspace-codex\eclipse-workspace\datasets\drone_single_class\raw_sources\public\Drone-detection-dataset\Data\Video_V\V_DRONE_008_LABELS.mat
V,DRONE,009,C:\Users\Tony\Desktop\eclipse-workspace-codex\eclipse-workspace\datasets\drone_single_class\raw_sources\public\Drone-detection-dataset\Data\Video_V\V_DRONE_009.mp4,C:\Users\Tony\Desktop\eclipse-workspace-codex\eclipse-workspace\datasets\drone_single_class\raw_sources\public\Drone-detection-dataset\Data\Video_V\V_DRONE_009_LABELS.mat
V,DRONE,010,C:\Users\Tony\Desktop\eclipse-workspace-codex\eclipse-workspace\datasets\drone_single_class\raw_sources\public\Drone-detection-dataset\Data\Video_V\V_DRONE_010.mp4,C:\Users\Tony\Desktop\eclipse-workspace-codex\eclipse-workspace\datasets\drone_single_class\raw_sources\public\Drone-detection-dataset\Data\Video_V\V_DRONE_010_LABELS.mat
V,DRONE,011,C:\Users\Tony\Desktop\eclipse-workspace-codex\eclipse-workspace\datasets\drone_single_class\raw_sources\public\Drone-detection-dataset\Data\Video_V\V_DRONE_011.mp4,C:\Users\Tony\Desktop\eclipse-workspace-codex\eclipse-workspace\datasets\drone_single_class\raw_sources\public\Drone-detection-dataset\Data\Video_V\V_DRONE_011_LABELS.mat
V,DRONE,012,C:\Users\Tony\Desktop\eclipse-workspace-codex\eclipse-workspace\datasets\drone_single_class\raw_sources\public\Drone-detection-dataset\Data\Video_V\V_DRONE_012.mp4,C:\Users\Tony\Desktop\eclipse-workspace-codex\eclipse-workspace\datasets\drone_single_class\raw_sources\public\Drone-detection-dataset\Data\Video_V\V_DRONE_012_LABELS.mat
V,DRONE,013,C:\Users\Tony\Desktop\eclipse-workspace-codex\eclipse-workspace\datasets\drone_single_class\raw_sources\public\Drone-detection-dataset\Data\Video_V\V_DRONE_013.mp4,C:\Users\Tony\Desktop\eclipse-workspace-codex\eclipse-workspace\datasets\drone_single_class\raw_sources\public\Drone-detection-dataset\Data\Video_V\V_DRONE_013_LABELS.mat
V,DRONE,014,C:\Users\Tony\Desktop\eclipse-workspace-codex\eclipse-workspace\datasets\drone_single_class\raw_sources\public\Drone-detection-dataset\Data\Video_V\V_DRONE_014.mp4,C:\Users\Tony\Desktop\eclipse-workspace-codex\eclipse-workspace\datasets\drone_single_class\raw_sources\public\Drone-detection-dataset\Data\Video_V\V_DRONE_014_LABELS.mat
V,DRONE,015,C:\Users\Tony\Desktop\eclipse-workspace-codex\eclipse-workspace\datasets\drone_single_class\raw_sources\public\Drone-detection-dataset\Data\Video_V\V_DRONE_015.mp4,C:\Users\Tony\Desktop\eclipse-workspace-codex\eclipse-workspace\datasets\drone_single_class\raw_sources\public\Drone-detection-dataset\Data\Video_V\V_DRONE_015_LABELS.mat
V,DRONE,016,C:\Users\Tony\Desktop\eclipse-workspace-codex\eclipse-workspace\datasets\drone_single_class\raw_sources\public\Drone-detection-dataset\Data\Video_V\V_DRONE_016.mp4,C:\Users\Tony\Desktop\eclipse-workspace-codex\eclipse-workspace\datasets\drone_single_class\raw_sources\public\Drone-detection-dataset\Data\Video_V\V_DRONE_016_LABELS.mat
V,DRONE,017,C:\Users\Tony\Desktop\eclipse-workspace-codex\eclipse-workspace\datasets\drone_single_class\raw_sources\public\Drone-detection-dataset\Data\Video_V\V_DRONE_017.mp4,C:\Users\Tony\Desktop\eclipse-workspace-codex\eclipse-workspace\datasets\drone_single_class\raw_sources\public\Drone-detection-dataset\Data\Video_V\V_DRONE_017_LABELS.mat
V,DRONE,018,C:\Users\Tony\Desktop\eclipse-workspace-codex\eclipse-workspace\datasets\drone_single_class\raw_sources\public\Drone-detection-dataset\Data\Video_V\V_DRONE_018.mp4,C:\Users\Tony\Desktop\eclipse-workspace-codex\eclipse-workspace\datasets\drone_single_class\raw_sources\public\Drone-detection-dataset\Data\Video_V\V_DRONE_018_LABELS.mat
V,DRONE,019,C:\Users\Tony\Desktop\eclipse-workspace-codex\eclipse-workspace\datasets\drone_single_class\raw_sources\public\Drone-detection-dataset\Data\Video_V\V_DRONE_019.mp4,C:\Users\Tony\Desktop\eclipse-workspace-codex\eclipse-workspace\datasets\drone_single_class\raw_sources\public\Drone-detection-dataset\Data\Video_V\V_DRONE_019_LABELS.mat
V,DRONE,020,C:\Users\Tony\Desktop\eclipse-workspace-codex\eclipse-workspace\datasets\drone_single_class\raw_sources\public\Drone-detection-dataset\Data\Video_V\V_DRONE_020.mp4,C:\Users\Tony\Desktop\eclipse-workspace-codex\eclipse-workspace\datasets\drone_single_class\raw_sources\public\Drone-detection-dataset\Data\Video_V\V_DRONE_020_LABELS.mat
V,DRONE,021,C:\Users\Tony\Desktop\eclipse-workspace-codex\eclipse-workspace\datasets\drone_single_class\raw_sources\public\Drone-detection-dataset\Data\Video_V\V_DRONE_021.mp4,C:\Users\Tony\Desktop\eclipse-workspace-codex\eclipse-workspace\datasets\drone_single_class\raw_sources\public\Drone-detection-dataset\Data\Video_V\V_DRONE_021_LABELS.mat
V,DRONE,022,C:\Users\Tony\Desktop\eclipse-workspace-codex\eclipse-workspace\datasets\drone_single_class\raw_sources\public\Drone-detection-dataset\Data\Video_V\V_DRONE_022.mp4,C:\Users\Tony\Desktop\eclipse-workspace-codex\eclipse-workspace\datasets\drone_single_class\raw_sources\public\Drone-detection-dataset\Data\Video_V\V_DRONE_022_LABELS.mat
V,DRONE,023,C:\Users\Tony\Desktop\eclipse-workspace-codex\eclipse-workspace\datasets\drone_single_class\raw_sources\public\Drone-detection-dataset\Data\Video_V\V_DRONE_023.mp4,C:\Users\Tony\Desktop\eclipse-workspace-codex\eclipse-workspace\datasets\drone_single_class\raw_sources\public\Drone-detection-dataset\Data\Video_V\V_DRONE_023_LABELS.mat
V,DRONE,024,C:\Users\Tony\Desktop\eclipse-workspace-codex\eclipse-workspace\datasets\drone_single_class\raw_sources\public\Drone-detection-dataset\Data\Video_V\V_DRONE_024.mp4,C:\Users\Tony\Desktop\eclipse-workspace-codex\eclipse-workspace\datasets\drone_single_class\raw_sources\public\Drone-detection-dataset\Data\Video_V\V_DRONE_024_LABELS.mat
V,DRONE,025,C:\Users\Tony\Desktop\eclipse-workspace-codex\eclipse-workspace\datasets\drone_single_class\raw_sources\public\Drone-detection-dataset\Data\Video_V\V_DRONE_025.mp4,C:\Users\Tony\Desktop\eclipse-workspace-codex\eclipse-workspace\datasets\drone_single_class\raw_sources\public\Drone-detection-dataset\Data\Video_V\V_DRONE_025_LABELS.mat
V,DRONE,026,C:\Users\Tony\Desktop\eclipse-workspace-codex\eclipse-workspace\datasets\drone_single_class\raw_sources\public\Drone-detection-dataset\Data\Video_V\V_DRONE_026.mp4,C:\Users\Tony\Desktop\eclipse-workspace-codex\eclipse-workspace\datasets\drone_single_class\raw_sources\public\Drone-detection-dataset\Data\Video_V\V_DRONE_026_LABELS.mat
V,DRONE,027,C:\Users\Tony\Desktop\eclipse-workspace-codex\eclipse-workspace\datasets\drone_single_class\raw_sources\public\Drone-detection-dataset\Data\Video_V\V_DRONE_027.mp4,C:\Users\Tony\Desktop\eclipse-workspace-codex\eclipse-workspace\datasets\drone_single_class\raw_sources\public\Drone-detection-dataset\Data\Video_V\V_DRONE_027_LABELS.mat
V,DRONE,028,C:\Users\Tony\Desktop\eclipse-workspace-codex\eclipse-workspace\datasets\drone_single_class\raw_sources\public\Drone-detection-dataset\Data\Video_V\V_DRONE_028.mp4,C:\Users\Tony\Desktop\eclipse-workspace-codex\eclipse-workspace\datasets\drone_single_class\raw_sources\public\Drone-detection-dataset\Data\Video_V\V_DRONE_028_LABELS.mat
V,DRONE,029,C:\Users\Tony\Desktop\eclipse-workspace-codex\eclipse-workspace\datasets\drone_single_class\raw_sources\public\Drone-detection-dataset\Data\Video_V\V_DRONE_029.mp4,C:\Users\Tony\Desktop\eclipse-workspace-codex\eclipse-workspace\datasets\drone_single_class\raw_sources\public\Drone-detection-dataset\Data\Video_V\V_DRONE_029_LABELS.mat
V,DRONE,030,C:\Users\Tony\Desktop\eclipse-workspace-codex\eclipse-workspace\datasets\drone_single_class\raw_sources\public\Drone-detection-dataset\Data\Video_V\V_DRONE_030.mp4,C:\Users\Tony\Desktop\eclipse-workspace-codex\eclipse-workspace\datasets\drone_single_class\raw_sources\public\Drone-detection-dataset\Data\Video_V\V_DRONE_030_LABELS.mat
V,DRONE,031,C:\Users\Tony\Desktop\eclipse-workspace-codex\eclipse-workspace\datasets\drone_single_class\raw_sources\public\Drone-detection-dataset\Data\Video_V\V_DRONE_031.mp4,C:\Users\Tony\Desktop\eclipse-workspace-codex\eclipse-workspace\datasets\drone_single_class\raw_sources\public\Drone-detection-dataset\Data\Video_V\V_DRONE_031_LABELS.mat
V,DRONE,032,C:\Users\Tony\Desktop\eclipse-workspace-codex\eclipse-workspace\datasets\drone_single_class\raw_sources\public\Drone-detection-dataset\Data\Video_V\V_DRONE_032.mp4,C:\Users\Tony\Desktop\eclipse-workspace-codex\eclipse-workspace\datasets\drone_single_class\raw_sources\public\Drone-detection-dataset\Data\Video_V\V_DRONE_032_LABELS.mat
V,DRONE,033,C:\Users\Tony\Desktop\eclipse-workspace-codex\eclipse-workspace\datasets\drone_single_class\raw_sources\public\Drone-detection-dataset\Data\Video_V\V_DRONE_033.mp4,C:\Users\Tony\Desktop\eclipse-workspace-codex\eclipse-workspace\datasets\drone_single_class\raw_sources\public\Drone-detection-dataset\Data\Video_V\V_DRONE_033_LABELS.mat
V,DRONE,034,C:\Users\Tony\Desktop\eclipse-workspace-codex\eclipse-workspace\datasets\drone_single_class\raw_sources\public\Drone-detection-dataset\Data\Video_V\V_DRONE_034.mp4,C:\Users\Tony\Desktop\eclipse-workspace-codex\eclipse-workspace\datasets\drone_single_class\raw_sources\public\Drone-detection-dataset\Data\Video_V\V_DRONE_034_LABELS.mat
V,DRONE,035,C:\Users\Tony\Desktop\eclipse-workspace-codex\eclipse-workspace\datasets\drone_single_class\raw_sources\public\Drone-detection-dataset\Data\Video_V\V_DRONE_035.mp4,C:\Users\Tony\Desktop\eclipse-workspace-codex\eclipse-workspace\datasets\drone_single_class\raw_sources\public\Drone-detection-dataset\Data\Video_V\V_DRONE_035_LABELS.mat
V,DRONE,036,C:\Users\Tony\Desktop\eclipse-workspace-codex\eclipse-workspace\datasets\drone_single_class\raw_sources\public\Drone-detection-dataset\Data\Video_V\V_DRONE_036.mp4,C:\Users\Tony\Desktop\eclipse-workspace-codex\eclipse-workspace\datasets\drone_single_class\raw_sources\public\Drone-detection-dataset\Data\Video_V\V_DRONE_036_LABELS.mat
V,DRONE,037,C:\Users\Tony\Desktop\eclipse-workspace-codex\eclipse-workspace\datasets\drone_single_class\raw_sources\public\Drone-detection-dataset\Data\Video_V\V_DRONE_037.mp4,C:\Users\Tony\Desktop\eclipse-workspace-codex\eclipse-workspace\datasets\drone_single_class\raw_sources\public\Drone-detection-dataset\Data\Video_V\V_DRONE_037_LABELS.mat
V,DRONE,038,C:\Users\Tony\Desktop\eclipse-workspace-codex\eclipse-workspace\datasets\drone_single_class\raw_sources\public\Drone-detection-dataset\Data\Video_V\V_DRONE_038.mp4,C:\Users\Tony\Desktop\eclipse-workspace-codex\eclipse-workspace\datasets\drone_single_class\raw_sources\public\Drone-detection-dataset\Data\Video_V\V_DRONE_038_LABELS.mat
V,DRONE,039,C:\Users\Tony\Desktop\eclipse-workspace-codex\eclipse-workspace\datasets\drone_single_class\raw_sources\public\Drone-detection-dataset\Data\Video_V\V_DRONE_039.mp4,C:\Users\Tony\Desktop\eclipse-workspace-codex\eclipse-workspace\datasets\drone_single_class\raw_sources\public\Drone-detection-dataset\Data\Video_V\V_DRONE_039_LABELS.mat
V,DRONE,040,C:\Users\Tony\Desktop\eclipse-workspace-codex\eclipse-workspace\datasets\drone_single_class\raw_sources\public\Drone-detection-dataset\Data\Video_V\V_DRONE_040.mp4,C:\Users\Tony\Desktop\eclipse-workspace-codex\eclipse-workspace\datasets\drone_single_class\raw_sources\public\Drone-detection-dataset\Data\Video_V\V_DRONE_040_LABELS.mat
V,DRONE,041,C:\Users\Tony\Desktop\eclipse-workspace-codex\eclipse-workspace\datasets\drone_single_class\raw_sources\public\Drone-detection-dataset\Data\Video_V\V_DRONE_041.mp4,C:\Users\Tony\Desktop\eclipse-workspace-codex\eclipse-workspace\datasets\drone_single_class\raw_sources\public\Drone-detection-dataset\Data\Video_V\V_DRONE_041_LABELS.mat
V,DRONE,042,C:\Users\Tony\Desktop\eclipse-workspace-codex\eclipse-workspace\datasets\drone_single_class\raw_sources\public\Drone-detection-dataset\Data\Video_V\V_DRONE_042.mp4,C:\Users\Tony\Desktop\eclipse-workspace-codex\eclipse-workspace\datasets\drone_single_class\raw_sources\public\Drone-detection-dataset\Data\Video_V\V_DRONE_042_LABELS.mat
V,DRONE,043,C:\Users\Tony\Desktop\eclipse-workspace-codex\eclipse-workspace\datasets\drone_single_class\raw_sources\public\Drone-detection-dataset\Data\Video_V\V_DRONE_043.mp4,C:\Users\Tony\Desktop\eclipse-workspace-codex\eclipse-workspace\datasets\drone_single_class\raw_sources\public\Drone-detection-dataset\Data\Video_V\V_DRONE_043_LABELS.mat
V,DRONE,044,C:\Users\Tony\Desktop\eclipse-workspace-codex\eclipse-workspace\datasets\drone_single_class\raw_sources\public\Drone-detection-dataset\Data\Video_V\V_DRONE_044.mp4,C:\Users\Tony\Desktop\eclipse-workspace-codex\eclipse-workspace\datasets\drone_single_class\raw_sources\public\Drone-detection-dataset\Data\Video_V\V_DRONE_044_LABELS.mat
V,DRONE,045,C:\Users\Tony\Desktop\eclipse-workspace-codex\eclipse-workspace\datasets\drone_single_class\raw_sources\public\Drone-detection-dataset\Data\Video_V\V_DRONE_045.mp4,C:\Users\Tony\Desktop\eclipse-workspace-codex\eclipse-workspace\datasets\drone_single_class\raw_sources\public\Drone-detection-dataset\Data\Video_V\V_DRONE_045_LABELS.mat
V,DRONE,046,C:\Users\Tony\Desktop\eclipse-workspace-codex\eclipse-workspace\datasets\drone_single_class\raw_sources\public\Drone-detection-dataset\Data\Video_V\V_DRONE_046.mp4,C:\Users\Tony\Desktop\eclipse-workspace-codex\eclipse-workspace\datasets\drone_single_class\raw_sources\public\Drone-detection-dataset\Data\Video_V\V_DRONE_046_LABELS.mat
V,DRONE,047,C:\Users\Tony\Desktop\eclipse-workspace-codex\eclipse-workspace\datasets\drone_single_class\raw_sources\public\Drone-detection-dataset\Data\Video_V\V_DRONE_047.mp4,C:\Users\Tony\Desktop\eclipse-workspace-codex\eclipse-workspace\datasets\drone_single_class\raw_sources\public\Drone-detection-dataset\Data\Video_V\V_DRONE_047_LABELS.mat
V,DRONE,048,C:\Users\Tony\Desktop\eclipse-workspace-codex\eclipse-workspace\datasets\drone_single_class\raw_sources\public\Drone-detection-dataset\Data\Video_V\V_DRONE_048.mp4,C:\Users\Tony\Desktop\eclipse-workspace-codex\eclipse-workspace\datasets\drone_single_class\raw_sources\public\Drone-detection-dataset\Data\Video_V\V_DRONE_048_LABELS.mat
V,DRONE,049,C:\Users\Tony\Desktop\eclipse-workspace-codex\eclipse-workspace\datasets\drone_single_class\raw_sources\public\Drone-detection-dataset\Data\Video_V\V_DRONE_049.mp4,C:\Users\Tony\Desktop\eclipse-workspace-codex\eclipse-workspace\datasets\drone_single_class\raw_sources\public\Drone-detection-dataset\Data\Video_V\V_DRONE_049_LABELS.mat
V,DRONE,050,C:\Users\Tony\Desktop\eclipse-workspace-codex\eclipse-workspace\datasets\drone_single_class\raw_sources\public\Drone-detection-dataset\Data\Video_V\V_DRONE_050.mp4,C:\Users\Tony\Desktop\eclipse-workspace-codex\eclipse-workspace\datasets\drone_single_class\raw_sources\public\Drone-detection-dataset\Data\Video_V\V_DRONE_050_LABELS.mat
V,DRONE,051,C:\Users\Tony\Desktop\eclipse-workspace-codex\eclipse-workspace\datasets\drone_single_class\raw_sources\public\Drone-detection-dataset\Data\Video_V\V_DRONE_051.mp4,C:\Users\Tony\Desktop\eclipse-workspace-codex\eclipse-workspace\datasets\drone_single_class\raw_sources\public\Drone-detection-dataset\Data\Video_V\V_DRONE_051_LABELS.mat
V,DRONE,052,C:\Users\Tony\Desktop\eclipse-workspace-codex\eclipse-workspace\datasets\drone_single_class\raw_sources\public\Drone-detection-dataset\Data\Video_V\V_DRONE_052.mp4,C:\Users\Tony\Desktop\eclipse-workspace-codex\eclipse-workspace\datasets\drone_single_class\raw_sources\public\Drone-detection-dataset\Data\Video_V\V_DRONE_052_LABELS.mat
V,DRONE,053,C:\Users\Tony\Desktop\eclipse-workspace-codex\eclipse-workspace\datasets\drone_single_class\raw_sources\public\Drone-detection-dataset\Data\Video_V\V_DRONE_053.mp4,C:\Users\Tony\Desktop\eclipse-workspace-codex\eclipse-workspace\datasets\drone_single_class\raw_sources\public\Drone-detection-dataset\Data\Video_V\V_DRONE_053_LABELS.mat
V,DRONE,054,C:\Users\Tony\Desktop\eclipse-workspace-codex\eclipse-workspace\datasets\drone_single_class\raw_sources\public\Drone-detection-dataset\Data\Video_V\V_DRONE_054.mp4,C:\Users\Tony\Desktop\eclipse-workspace-codex\eclipse-workspace\datasets\drone_single_class\raw_sources\public\Drone-detection-dataset\Data\Video_V\V_DRONE_054_LABELS.mat
V,DRONE,055,C:\Users\Tony\Desktop\eclipse-workspace-codex\eclipse-workspace\datasets\drone_single_class\raw_sources\public\Drone-detection-dataset\Data\Video_V\V_DRONE_055.mp4,C:\Users\Tony\Desktop\eclipse-workspace-codex\eclipse-workspace\datasets\drone_single_class\raw_sources\public\Drone-detection-dataset\Data\Video_V\V_DRONE_055_LABELS.mat
V,DRONE,056,C:\Users\Tony\Desktop\eclipse-workspace-codex\eclipse-workspace\datasets\drone_single_class\raw_sources\public\Drone-detection-dataset\Data\Video_V\V_DRONE_056.mp4,C:\Users\Tony\Desktop\eclipse-workspace-codex\eclipse-workspace\datasets\drone_single_class\raw_sources\public\Drone-detection-dataset\Data\Video_V\V_DRONE_056_LABELS.mat
V,DRONE,057,C:\Users\Tony\Desktop\eclipse-workspace-codex\eclipse-workspace\datasets\drone_single_class\raw_sources\public\Drone-detection-dataset\Data\Video_V\V_DRONE_057.mp4,C:\Users\Tony\Desktop\eclipse-workspace-codex\eclipse-workspace\datasets\drone_single_class\raw_sources\public\Drone-detection-dataset\Data\Video_V\V_DRONE_057_LABELS.mat
V,DRONE,058,C:\Users\Tony\Desktop\eclipse-workspace-codex\eclipse-workspace\datasets\drone_single_class\raw_sources\public\Drone-detection-dataset\Data\Video_V\V_DRONE_058.mp4,C:\Users\Tony\Desktop\eclipse-workspace-codex\eclipse-workspace\datasets\drone_single_class\raw_sources\public\Drone-detection-dataset\Data\Video_V\V_DRONE_058_LABELS.mat
V,DRONE,059,C:\Users\Tony\Desktop\eclipse-workspace-codex\eclipse-workspace\datasets\drone_single_class\raw_sources\public\Drone-detection-dataset\Data\Video_V\V_DRONE_059.mp4,C:\Users\Tony\Desktop\eclipse-workspace-codex\eclipse-workspace\datasets\drone_single_class\raw_sources\public\Drone-detection-dataset\Data\Video_V\V_DRONE_059_LABELS.mat
V,DRONE,060,C:\Users\Tony\Desktop\eclipse-workspace-codex\eclipse-workspace\datasets\drone_single_class\raw_sources\public\Drone-detection-dataset\Data\Video_V\V_DRONE_060.mp4,C:\Users\Tony\Desktop\eclipse-workspace-codex\eclipse-workspace\datasets\drone_single_class\raw_sources\public\Drone-detection-dataset\Data\Video_V\V_DRONE_060_LABELS.mat
V,DRONE,061,C:\Users\Tony\Desktop\eclipse-workspace-codex\eclipse-workspace\datasets\drone_single_class\raw_sources\public\Drone-detection-dataset\Data\Video_V\V_DRONE_061.mp4,C:\Users\Tony\Desktop\eclipse-workspace-codex\eclipse-workspace\datasets\drone_single_class\raw_sources\public\Drone-detection-dataset\Data\Video_V\V_DRONE_061_LABELS.mat
V,DRONE,062,C:\Users\Tony\Desktop\eclipse-workspace-codex\eclipse-workspace\datasets\drone_single_class\raw_sources\public\Drone-detection-dataset\Data\Video_V\V_DRONE_062.mp4,C:\Users\Tony\Desktop\eclipse-workspace-codex\eclipse-workspace\datasets\drone_single_class\raw_sources\public\Drone-detection-dataset\Data\Video_V\V_DRONE_062_LABELS.mat
V,DRONE,063,C:\Users\Tony\Desktop\eclipse-workspace-codex\eclipse-workspace\datasets\drone_single_class\raw_sources\public\Drone-detection-dataset\Data\Video_V\V_DRONE_063.mp4,C:\Users\Tony\Desktop\eclipse-workspace-codex\eclipse-workspace\datasets\drone_single_class\raw_sources\public\Drone-detection-dataset\Data\Video_V\V_DRONE_063_LABELS.mat
V,DRONE,064,C:\Users\Tony\Desktop\eclipse-workspace-codex\eclipse-workspace\datasets\drone_single_class\raw_sources\public\Drone-detection-dataset\Data\Video_V\V_DRONE_064.mp4,C:\Users\Tony\Desktop\eclipse-workspace-codex\eclipse-workspace\datasets\drone_single_class\raw_sources\public\Drone-detection-dataset\Data\Video_V\V_DRONE_064_LABELS.mat
V,DRONE,065,C:\Users\Tony\Desktop\eclipse-workspace-codex\eclipse-workspace\datasets\drone_single_class\raw_sources\public\Drone-detection-dataset\Data\Video_V\V_DRONE_065.mp4,C:\Users\Tony\Desktop\eclipse-workspace-codex\eclipse-workspace\datasets\drone_single_class\raw_sources\public\Drone-detection-dataset\Data\Video_V\V_DRONE_065_LABELS.mat
V,DRONE,066,C:\Users\Tony\Desktop\eclipse-workspace-codex\eclipse-workspace\datasets\drone_single_class\raw_sources\public\Drone-detection-dataset\Data\Video_V\V_DRONE_066.mp4,C:\Users\Tony\Desktop\eclipse-workspace-codex\eclipse-workspace\datasets\drone_single_class\raw_sources\public\Drone-detection-dataset\Data\Video_V\V_DRONE_066_LABELS.mat
V,DRONE,067,C:\Users\Tony\Desktop\eclipse-workspace-codex\eclipse-workspace\datasets\drone_single_class\raw_sources\public\Drone-detection-dataset\Data\Video_V\V_DRONE_067.mp4,C:\Users\Tony\Desktop\eclipse-workspace-codex\eclipse-workspace\datasets\drone_single_class\raw_sources\public\Drone-detection-dataset\Data\Video_V\V_DRONE_067_LABELS.mat
V,DRONE,068,C:\Users\Tony\Desktop\eclipse-workspace-codex\eclipse-workspace\datasets\drone_single_class\raw_sources\public\Drone-detection-dataset\Data\Video_V\V_DRONE_068.mp4,C:\Users\Tony\Desktop\eclipse-workspace-codex\eclipse-workspace\datasets\drone_single_class\raw_sources\public\Drone-detection-dataset\Data\Video_V\V_DRONE_068_LABELS.mat
V,DRONE,069,C:\Users\Tony\Desktop\eclipse-workspace-codex\eclipse-workspace\datasets\drone_single_class\raw_sources\public\Drone-detection-dataset\Data\Video_V\V_DRONE_069.mp4,C:\Users\Tony\Desktop\eclipse-workspace-codex\eclipse-workspace\datasets\drone_single_class\raw_sources\public\Drone-detection-dataset\Data\Video_V\V_DRONE_069_LABELS.mat
V,DRONE,070,C:\Users\Tony\Desktop\eclipse-workspace-codex\eclipse-workspace\datasets\drone_single_class\raw_sources\public\Drone-detection-dataset\Data\Video_V\V_DRONE_070.mp4,C:\Users\Tony\Desktop\eclipse-workspace-codex\eclipse-workspace\datasets\drone_single_class\raw_sources\public\Drone-detection-dataset\Data\Video_V\V_DRONE_070_LABELS.mat
V,DRONE,071,C:\Users\Tony\Desktop\eclipse-workspace-codex\eclipse-workspace\datasets\drone_single_class\raw_sources\public\Drone-detection-dataset\Data\Video_V\V_DRONE_071.mp4,C:\Users\Tony\Desktop\eclipse-workspace-codex\eclipse-workspace\datasets\drone_single_class\raw_sources\public\Drone-detection-dataset\Data\Video_V\V_DRONE_071_LABELS.mat
V,DRONE,072,C:\Users\Tony\Desktop\eclipse-workspace-codex\eclipse-workspace\datasets\drone_single_class\raw_sources\public\Drone-detection-dataset\Data\Video_V\V_DRONE_072.mp4,C:\Users\Tony\Desktop\eclipse-workspace-codex\eclipse-workspace\datasets\drone_single_class\raw_sources\public\Drone-detection-dataset\Data\Video_V\V_DRONE_072_LABELS.mat
V,DRONE,073,C:\Users\Tony\Desktop\eclipse-workspace-codex\eclipse-workspace\datasets\drone_single_class\raw_sources\public\Drone-detection-dataset\Data\Video_V\V_DRONE_073.mp4,C:\Users\Tony\Desktop\eclipse-workspace-codex\eclipse-workspace\datasets\drone_single_class\raw_sources\public\Drone-detection-dataset\Data\Video_V\V_DRONE_073_LABELS.mat
V,DRONE,074,C:\Users\Tony\Desktop\eclipse-workspace-codex\eclipse-workspace\datasets\drone_single_class\raw_sources\public\Drone-detection-dataset\Data\Video_V\V_DRONE_074.mp4,C:\Users\Tony\Desktop\eclipse-workspace-codex\eclipse-workspace\datasets\drone_single_class\raw_sources\public\Drone-detection-dataset\Data\Video_V\V_DRONE_074_LABELS.mat
V,DRONE,075,C:\Users\Tony\Desktop\eclipse-workspace-codex\eclipse-workspace\datasets\drone_single_class\raw_sources\public\Drone-detection-dataset\Data\Video_V\V_DRONE_075.mp4,C:\Users\Tony\Desktop\eclipse-workspace-codex\eclipse-workspace\datasets\drone_single_class\raw_sources\public\Drone-detection-dataset\Data\Video_V\V_DRONE_075_LABELS.mat
V,DRONE,076,C:\Users\Tony\Desktop\eclipse-workspace-codex\eclipse-workspace\datasets\drone_single_class\raw_sources\public\Drone-detection-dataset\Data\Video_V\V_DRONE_076.mp4,C:\Users\Tony\Desktop\eclipse-workspace-codex\eclipse-workspace\datasets\drone_single_class\raw_sources\public\Drone-detection-dataset\Data\Video_V\V_DRONE_076_LABELS.mat
V,DRONE,077,C:\Users\Tony\Desktop\eclipse-workspace-codex\eclipse-workspace\datasets\drone_single_class\raw_sources\public\Drone-detection-dataset\Data\Video_V\V_DRONE_077.mp4,C:\Users\Tony\Desktop\eclipse-workspace-codex\eclipse-workspace\datasets\drone_single_class\raw_sources\public\Drone-detection-dataset\Data\Video_V\V_DRONE_077_LABELS.mat
V,DRONE,078,C:\Users\Tony\Desktop\eclipse-workspace-codex\eclipse-workspace\datasets\drone_single_class\raw_sources\public\Drone-detection-dataset\Data\Video_V\V_DRONE_078.mp4,C:\Users\Tony\Desktop\eclipse-workspace-codex\eclipse-workspace\datasets\drone_single_class\raw_sources\public\Drone-detection-dataset\Data\Video_V\V_DRONE_078_LABELS.mat
V,DRONE,079,C:\Users\Tony\Desktop\eclipse-workspace-codex\eclipse-workspace\datasets\drone_single_class\raw_sources\public\Drone-detection-dataset\Data\Video_V\V_DRONE_079.mp4,C:\Users\Tony\Desktop\eclipse-workspace-codex\eclipse-workspace\datasets\drone_single_class\raw_sources\public\Drone-detection-dataset\Data\Video_V\V_DRONE_079_LABELS.mat
V,DRONE,080,C:\Users\Tony\Desktop\eclipse-workspace-codex\eclipse-workspace\datasets\drone_single_class\raw_sources\public\Drone-detection-dataset\Data\Video_V\V_DRONE_080.mp4,C:\Users\Tony\Desktop\eclipse-workspace-codex\eclipse-workspace\datasets\drone_single_class\raw_sources\public\Drone-detection-dataset\Data\Video_V\V_DRONE_080_LABELS.mat
V,DRONE,081,C:\Users\Tony\Desktop\eclipse-workspace-codex\eclipse-workspace\datasets\drone_single_class\raw_sources\public\Drone-detection-dataset\Data\Video_V\V_DRONE_081.mp4,C:\Users\Tony\Desktop\eclipse-workspace-codex\eclipse-workspace\datasets\drone_single_class\raw_sources\public\Drone-detection-dataset\Data\Video_V\V_DRONE_081_LABELS.mat
V,DRONE,082,C:\Users\Tony\Desktop\eclipse-workspace-codex\eclipse-workspace\datasets\drone_single_class\raw_sources\public\Drone-detection-dataset\Data\Video_V\V_DRONE_082.mp4,C:\Users\Tony\Desktop\eclipse-workspace-codex\eclipse-workspace\datasets\drone_single_class\raw_sources\public\Drone-detection-dataset\Data\Video_V\V_DRONE_082_LABELS.mat
V,DRONE,083,C:\Users\Tony\Desktop\eclipse-workspace-codex\eclipse-workspace\datasets\drone_single_class\raw_sources\public\Drone-detection-dataset\Data\Video_V\V_DRONE_083.mp4,C:\Users\Tony\Desktop\eclipse-workspace-codex\eclipse-workspace\datasets\drone_single_class\raw_sources\public\Drone-detection-dataset\Data\Video_V\V_DRONE_083_LABELS.mat
V,DRONE,084,C:\Users\Tony\Desktop\eclipse-workspace-codex\eclipse-workspace\datasets\drone_single_class\raw_sources\public\Drone-detection-dataset\Data\Video_V\V_DRONE_084.mp4,C:\Users\Tony\Desktop\eclipse-workspace-codex\eclipse-workspace\datasets\drone_single_class\raw_sources\public\Drone-detection-dataset\Data\Video_V\V_DRONE_084_LABELS.mat
V,DRONE,085,C:\Users\Tony\Desktop\eclipse-workspace-codex\eclipse-workspace\datasets\drone_single_class\raw_sources\public\Drone-detection-dataset\Data\Video_V\V_DRONE_085.mp4,C:\Users\Tony\Desktop\eclipse-workspace-codex\eclipse-workspace\datasets\drone_single_class\raw_sources\public\Drone-detection-dataset\Data\Video_V\V_DRONE_085_LABELS.mat
V,DRONE,086,C:\Users\Tony\Desktop\eclipse-workspace-codex\eclipse-workspace\datasets\drone_single_class\raw_sources\public\Drone-detection-dataset\Data\Video_V\V_DRONE_086.mp4,C:\Users\Tony\Desktop\eclipse-workspace-codex\eclipse-workspace\datasets\drone_single_class\raw_sources\public\Drone-detection-dataset\Data\Video_V\V_DRONE_086_LABELS.mat
V,DRONE,087,C:\Users\Tony\Desktop\eclipse-workspace-codex\eclipse-workspace\datasets\drone_single_class\raw_sources\public\Drone-detection-dataset\Data\Video_V\V_DRONE_087.mp4,C:\Users\Tony\Desktop\eclipse-workspace-codex\eclipse-workspace\datasets\drone_single_class\raw_sources\public\Drone-detection-dataset\Data\Video_V\V_DRONE_087_LABELS.mat
V,DRONE,088,C:\Users\Tony\Desktop\eclipse-workspace-codex\eclipse-workspace\datasets\drone_single_class\raw_sources\public\Drone-detection-dataset\Data\Video_V\V_DRONE_088.mp4,C:\Users\Tony\Desktop\eclipse-workspace-codex\eclipse-workspace\datasets\drone_single_class\raw_sources\public\Drone-detection-dataset\Data\Video_V\V_DRONE_088_LABELS.mat
V,DRONE,089,C:\Users\Tony\Desktop\eclipse-workspace-codex\eclipse-workspace\datasets\drone_single_class\raw_sources\public\Drone-detection-dataset\Data\Video_V\V_DRONE_089.mp4,C:\Users\Tony\Desktop\eclipse-workspace-codex\eclipse-workspace\datasets\drone_single_class\raw_sources\public\Drone-detection-dataset\Data\Video_V\V_DRONE_089_LABELS.mat
V,DRONE,090,C:\Users\Tony\Desktop\eclipse-workspace-codex\eclipse-workspace\datasets\drone_single_class\raw_sources\public\Drone-detection-dataset\Data\Video_V\V_DRONE_090.mp4,C:\Users\Tony\Desktop\eclipse-workspace-codex\eclipse-workspace\datasets\drone_single_class\raw_sources\public\Drone-detection-dataset\Data\Video_V\V_DRONE_090_LABELS.mat
V,DRONE,091,C:\Users\Tony\Desktop\eclipse-workspace-codex\eclipse-workspace\datasets\drone_single_class\raw_sources\public\Drone-detection-dataset\Data\Video_V\V_DRONE_091.mp4,C:\Users\Tony\Desktop\eclipse-workspace-codex\eclipse-workspace\datasets\drone_single_class\raw_sources\public\Drone-detection-dataset\Data\Video_V\V_DRONE_091_LABELS.mat
V,DRONE,092,C:\Users\Tony\Desktop\eclipse-workspace-codex\eclipse-workspace\datasets\drone_single_class\raw_sources\public\Drone-detection-dataset\Data\Video_V\V_DRONE_092.mp4,C:\Users\Tony\Desktop\eclipse-workspace-codex\eclipse-workspace\datasets\drone_single_class\raw_sources\public\Drone-detection-dataset\Data\Video_V\V_DRONE_092_LABELS.mat
V,DRONE,093,C:\Users\Tony\Desktop\eclipse-workspace-codex\eclipse-workspace\datasets\drone_single_class\raw_sources\public\Drone-detection-dataset\Data\Video_V\V_DRONE_093.mp4,C:\Users\Tony\Desktop\eclipse-workspace-codex\eclipse-workspace\datasets\drone_single_class\raw_sources\public\Drone-detection-dataset\Data\Video_V\V_DRONE_093_LABELS.mat
V,DRONE,094,C:\Users\Tony\Desktop\eclipse-workspace-codex\eclipse-workspace\datasets\drone_single_class\raw_sources\public\Drone-detection-dataset\Data\Video_V\V_DRONE_094.mp4,C:\Users\Tony\Desktop\eclipse-workspace-codex\eclipse-workspace\datasets\drone_single_class\raw_sources\public\Drone-detection-dataset\Data\Video_V\V_DRONE_094_LABELS.mat
V,DRONE,095,C:\Users\Tony\Desktop\eclipse-workspace-codex\eclipse-workspace\datasets\drone_single_class\raw_sources\public\Drone-detection-dataset\Data\Video_V\V_DRONE_095.mp4,C:\Users\Tony\Desktop\eclipse-workspace-codex\eclipse-workspace\datasets\drone_single_class\raw_sources\public\Drone-detection-dataset\Data\Video_V\V_DRONE_095_LABELS.mat
V,DRONE,096,C:\Users\Tony\Desktop\eclipse-workspace-codex\eclipse-workspace\datasets\drone_single_class\raw_sources\public\Drone-detection-dataset\Data\Video_V\V_DRONE_096.mp4,C:\Users\Tony\Desktop\eclipse-workspace-codex\eclipse-workspace\datasets\drone_single_class\raw_sources\public\Drone-detection-dataset\Data\Video_V\V_DRONE_096_LABELS.mat
V,DRONE,097,C:\Users\Tony\Desktop\eclipse-workspace-codex\eclipse-workspace\datasets\drone_single_class\raw_sources\public\Drone-detection-dataset\Data\Video_V\V_DRONE_097.mp4,C:\Users\Tony\Desktop\eclipse-workspace-codex\eclipse-workspace\datasets\drone_single_class\raw_sources\public\Drone-detection-dataset\Data\Video_V\V_DRONE_097_LABELS.mat
V,DRONE,098,C:\Users\Tony\Desktop\eclipse-workspace-codex\eclipse-workspace\datasets\drone_single_class\raw_sources\public\Drone-detection-dataset\Data\Video_V\V_DRONE_098.mp4,C:\Users\Tony\Desktop\eclipse-workspace-codex\eclipse-workspace\datasets\drone_single_class\raw_sources\public\Drone-detection-dataset\Data\Video_V\V_DRONE_098_LABELS.mat
V,DRONE,099,C:\Users\Tony\Desktop\eclipse-workspace-codex\eclipse-workspace\datasets\drone_single_class\raw_sources\public\Drone-detection-dataset\Data\Video_V\V_DRONE_099.mp4,C:\Users\Tony\Desktop\eclipse-workspace-codex\eclipse-workspace\datasets\drone_single_class\raw_sources\public\Drone-detection-dataset\Data\Video_V\V_DRONE_099_LABELS.mat
V,DRONE,100,C:\Users\Tony\Desktop\eclipse-workspace-codex\eclipse-workspace\datasets\drone_single_class\raw_sources\public\Drone-detection-dataset\Data\Video_V\V_DRONE_100.mp4,C:\Users\Tony\Desktop\eclipse-workspace-codex\eclipse-workspace\datasets\drone_single_class\raw_sources\public\Drone-detection-dataset\Data\Video_V\V_DRONE_100_LABELS.mat
V,DRONE,101,C:\Users\Tony\Desktop\eclipse-workspace-codex\eclipse-workspace\datasets\drone_single_class\raw_sources\public\Drone-detection-dataset\Data\Video_V\V_DRONE_101.mp4,C:\Users\Tony\Desktop\eclipse-workspace-codex\eclipse-workspace\datasets\drone_single_class\raw_sources\public\Drone-detection-dataset\Data\Video_V\V_DRONE_101_LABELS.mat
V,DRONE,102,C:\Users\Tony\Desktop\eclipse-workspace-codex\eclipse-workspace\datasets\drone_single_class\raw_sources\public\Drone-detection-dataset\Data\Video_V\V_DRONE_102.mp4,C:\Users\Tony\Desktop\eclipse-workspace-codex\eclipse-workspace\datasets\drone_single_class\raw_sources\public\Drone-detection-dataset\Data\Video_V\V_DRONE_102_LABELS.mat
V,DRONE,103,C:\Users\Tony\Desktop\eclipse-workspace-codex\eclipse-workspace\datasets\drone_single_class\raw_sources\public\Drone-detection-dataset\Data\Video_V\V_DRONE_103.mp4,C:\Users\Tony\Desktop\eclipse-workspace-codex\eclipse-workspace\datasets\drone_single_class\raw_sources\public\Drone-detection-dataset\Data\Video_V\V_DRONE_103_LABELS.mat
V,DRONE,104,C:\Users\Tony\Desktop\eclipse-workspace-codex\eclipse-workspace\datasets\drone_single_class\raw_sources\public\Drone-detection-dataset\Data\Video_V\V_DRONE_104.mp4,C:\Users\Tony\Desktop\eclipse-workspace-codex\eclipse-workspace\datasets\drone_single_class\raw_sources\public\Drone-detection-dataset\Data\Video_V\V_DRONE_104_LABELS.mat
V,DRONE,105,C:\Users\Tony\Desktop\eclipse-workspace-codex\eclipse-workspace\datasets\drone_single_class\raw_sources\public\Drone-detection-dataset\Data\Video_V\V_DRONE_105.mp4,C:\Users\Tony\Desktop\eclipse-workspace-codex\eclipse-workspace\datasets\drone_single_class\raw_sources\public\Drone-detection-dataset\Data\Video_V\V_DRONE_105_LABELS.mat
V,DRONE,106,C:\Users\Tony\Desktop\eclipse-workspace-codex\eclipse-workspace\datasets\drone_single_class\raw_sources\public\Drone-detection-dataset\Data\Video_V\V_DRONE_106.mp4,C:\Users\Tony\Desktop\eclipse-workspace-codex\eclipse-workspace\datasets\drone_single_class\raw_sources\public\Drone-detection-dataset\Data\Video_V\V_DRONE_106_LABELS.mat
V,DRONE,107,C:\Users\Tony\Desktop\eclipse-workspace-codex\eclipse-workspace\datasets\drone_single_class\raw_sources\public\Drone-detection-dataset\Data\Video_V\V_DRONE_107.mp4,C:\Users\Tony\Desktop\eclipse-workspace-codex\eclipse-workspace\datasets\drone_single_class\raw_sources\public\Drone-detection-dataset\Data\Video_V\V_DRONE_107_LABELS.mat
V,DRONE,108,C:\Users\Tony\Desktop\eclipse-workspace-codex\eclipse-workspace\datasets\drone_single_class\raw_sources\public\Drone-detection-dataset\Data\Video_V\V_DRONE_108.mp4,C:\Users\Tony\Desktop\eclipse-workspace-codex\eclipse-workspace\datasets\drone_single_class\raw_sources\public\Drone-detection-dataset\Data\Video_V\V_DRONE_108_LABELS.mat
V,DRONE,109,C:\Users\Tony\Desktop\eclipse-workspace-codex\eclipse-workspace\datasets\drone_single_class\raw_sources\public\Drone-detection-dataset\Data\Video_V\V_DRONE_109.mp4,C:\Users\Tony\Desktop\eclipse-workspace-codex\eclipse-workspace\datasets\drone_single_class\raw_sources\public\Drone-detection-dataset\Data\Video_V\V_DRONE_109_LABELS.mat
V,DRONE,110,C:\Users\Tony\Desktop\eclipse-workspace-codex\eclipse-workspace\datasets\drone_single_class\raw_sources\public\Drone-detection-dataset\Data\Video_V\V_DRONE_110.mp4,C:\Users\Tony\Desktop\eclipse-workspace-codex\eclipse-workspace\datasets\drone_single_class\raw_sources\public\Drone-detection-dataset\Data\Video_V\V_DRONE_110_LABELS.mat
V,DRONE,111,C:\Users\Tony\Desktop\eclipse-workspace-codex\eclipse-workspace\datasets\drone_single_class\raw_sources\public\Drone-detection-dataset\Data\Video_V\V_DRONE_111.mp4,C:\Users\Tony\Desktop\eclipse-workspace-codex\eclipse-workspace\datasets\drone_single_class\raw_sources\public\Drone-detection-dataset\Data\Video_V\V_DRONE_111_LABELS.mat
V,DRONE,112,C:\Users\Tony\Desktop\eclipse-workspace-codex\eclipse-workspace\datasets\drone_single_class\raw_sources\public\Drone-detection-dataset\Data\Video_V\V_DRONE_112.mp4,C:\Users\Tony\Desktop\eclipse-workspace-codex\eclipse-workspace\datasets\drone_single_class\raw_sources\public\Drone-detection-dataset\Data\Video_V\V_DRONE_112_LABELS.mat
V,DRONE,113,C:\Users\Tony\Desktop\eclipse-workspace-codex\eclipse-workspace\datasets\drone_single_class\raw_sources\public\Drone-detection-dataset\Data\Video_V\V_DRONE_113.mp4,C:\Users\Tony\Desktop\eclipse-workspace-codex\eclipse-workspace\datasets\drone_single_class\raw_sources\public\Drone-detection-dataset\Data\Video_V\V_DRONE_113_LABELS.mat
V,DRONE,114,C:\Users\Tony\Desktop\eclipse-workspace-codex\eclipse-workspace\datasets\drone_single_class\raw_sources\public\Drone-detection-dataset\Data\Video_V\V_DRONE_114.mp4,C:\Users\Tony\Desktop\eclipse-workspace-codex\eclipse-workspace\datasets\drone_single_class\raw_sources\public\Drone-detection-dataset\Data\Video_V\V_DRONE_114_LABELS.mat
